-- MySQL dump 10.13  Distrib 8.0.43, for Win64 (x86_64)
--
-- Host: localhost    Database: dwh_shop_database
-- ------------------------------------------------------
-- Server version	8.0.43

/*!40101 SET @OLD_CHARACTER_SET_CLIENT=@@CHARACTER_SET_CLIENT */;
/*!40101 SET @OLD_CHARACTER_SET_RESULTS=@@CHARACTER_SET_RESULTS */;
/*!40101 SET @OLD_COLLATION_CONNECTION=@@COLLATION_CONNECTION */;
/*!50503 SET NAMES utf8mb4 */;
/*!40103 SET @OLD_TIME_ZONE=@@TIME_ZONE */;
/*!40103 SET TIME_ZONE='+00:00' */;
/*!40014 SET @OLD_UNIQUE_CHECKS=@@UNIQUE_CHECKS, UNIQUE_CHECKS=0 */;
/*!40014 SET @OLD_FOREIGN_KEY_CHECKS=@@FOREIGN_KEY_CHECKS, FOREIGN_KEY_CHECKS=0 */;
/*!40101 SET @OLD_SQL_MODE=@@SQL_MODE, SQL_MODE='NO_AUTO_VALUE_ON_ZERO' */;
/*!40111 SET @OLD_SQL_NOTES=@@SQL_NOTES, SQL_NOTES=0 */;

--
-- Table structure for table `admins`
--

DROP TABLE IF EXISTS `admins`;
/*!40101 SET @saved_cs_client     = @@character_set_client */;
/*!50503 SET character_set_client = utf8mb4 */;
CREATE TABLE `admins` (
  `id` int NOT NULL AUTO_INCREMENT,
  `name` varchar(255) COLLATE utf8mb4_unicode_ci DEFAULT NULL,
  `email` varchar(255) COLLATE utf8mb4_unicode_ci NOT NULL,
  `password` varchar(255) COLLATE utf8mb4_unicode_ci NOT NULL,
  `role` enum('admin','editor','super_admin') COLLATE utf8mb4_unicode_ci DEFAULT 'admin',
  `created_at` timestamp NULL DEFAULT CURRENT_TIMESTAMP,
  PRIMARY KEY (`id`),
  UNIQUE KEY `email` (`email`)
) ENGINE=InnoDB AUTO_INCREMENT=3 DEFAULT CHARSET=utf8mb4 COLLATE=utf8mb4_unicode_ci;
/*!40101 SET character_set_client = @saved_cs_client */;

--
-- Dumping data for table `admins`
--

LOCK TABLES `admins` WRITE;
/*!40000 ALTER TABLE `admins` DISABLE KEYS */;
INSERT INTO `admins` VALUES (1,'Admin','admin@gmail.com','$2b$10$LdcRp5hYkMBnFzSXAOIHIeOlsvIGgSGTbe4KV6.85gK2AgKcwO0Xe','admin','2026-01-09 05:08:54'),(2,'Editor','editor@gmail.com','$2b$10$evQCt7h9SiImEJr1HNuOjurX/AWfr/2.i3k/rA3IBpxzmdIzdpZ2.','editor','2026-01-09 05:09:17');
/*!40000 ALTER TABLE `admins` ENABLE KEYS */;
UNLOCK TABLES;

--
-- Table structure for table `categories`
--

DROP TABLE IF EXISTS `categories`;
/*!40101 SET @saved_cs_client     = @@character_set_client */;
/*!50503 SET character_set_client = utf8mb4 */;
CREATE TABLE `categories` (
  `id` bigint NOT NULL AUTO_INCREMENT,
  `name` varchar(255) COLLATE utf8mb4_unicode_ci NOT NULL,
  `slug` varchar(255) COLLATE utf8mb4_unicode_ci NOT NULL,
  `category_type` enum('card','video','cloths','dresses') COLLATE utf8mb4_unicode_ci NOT NULL DEFAULT 'card',
  `parent_id` bigint DEFAULT NULL,
  `is_active` tinyint(1) DEFAULT '1',
  PRIMARY KEY (`id`),
  UNIQUE KEY `slug` (`slug`),
  KEY `parent_id` (`parent_id`),
  CONSTRAINT `categories_ibfk_1` FOREIGN KEY (`parent_id`) REFERENCES `categories` (`id`) ON DELETE CASCADE
) ENGINE=InnoDB AUTO_INCREMENT=5 DEFAULT CHARSET=utf8mb4 COLLATE=utf8mb4_unicode_ci;
/*!40101 SET character_set_client = @saved_cs_client */;

--
-- Dumping data for table `categories`
--

LOCK TABLES `categories` WRITE;
/*!40000 ALTER TABLE `categories` DISABLE KEYS */;
INSERT INTO `categories` VALUES (1,'wedding itinery','wedding-itinery','card',NULL,1),(2,'sangeet','sangeet','card',1,1),(3,'sangeet video','sangeet-video','video',NULL,1),(4,'entery video','entery-video','video',3,1);
/*!40000 ALTER TABLE `categories` ENABLE KEYS */;
UNLOCK TABLES;

--
-- Table structure for table `category_links`
--

DROP TABLE IF EXISTS `category_links`;
/*!40101 SET @saved_cs_client     = @@character_set_client */;
/*!50503 SET character_set_client = utf8mb4 */;
CREATE TABLE `category_links` (
  `category_id` bigint NOT NULL,
  `target_type` enum('content','product') COLLATE utf8mb4_unicode_ci NOT NULL,
  `target_id` bigint NOT NULL,
  PRIMARY KEY (`category_id`,`target_type`,`target_id`),
  KEY `idx_target` (`target_type`,`target_id`),
  CONSTRAINT `category_links_ibfk_1` FOREIGN KEY (`category_id`) REFERENCES `categories` (`id`) ON DELETE CASCADE
) ENGINE=InnoDB DEFAULT CHARSET=utf8mb4 COLLATE=utf8mb4_unicode_ci;
/*!40101 SET character_set_client = @saved_cs_client */;

--
-- Dumping data for table `category_links`
--

LOCK TABLES `category_links` WRITE;
/*!40000 ALTER TABLE `category_links` DISABLE KEYS */;
INSERT INTO `category_links` VALUES (2,'content',10),(3,'content',11),(4,'content',11),(2,'content',13),(2,'content',17),(2,'content',21);
/*!40000 ALTER TABLE `category_links` ENABLE KEYS */;
UNLOCK TABLES;

--
-- Table structure for table `content_assets`
--

DROP TABLE IF EXISTS `content_assets`;
/*!40101 SET @saved_cs_client     = @@character_set_client */;
/*!50503 SET character_set_client = utf8mb4 */;
CREATE TABLE `content_assets` (
  `id` bigint NOT NULL AUTO_INCREMENT,
  `content_id` bigint NOT NULL,
  `asset_type` enum('image','video','background','font','color','video_cards') COLLATE utf8mb4_unicode_ci NOT NULL,
  `cloudinary_public_id` varchar(255) COLLATE utf8mb4_unicode_ci DEFAULT NULL,
  `url` text COLLATE utf8mb4_unicode_ci NOT NULL,
  `metadata` TEXT DEFAULT NULL,
  `created_at` timestamp NULL DEFAULT CURRENT_TIMESTAMP,
  PRIMARY KEY (`id`),
  KEY `idx_content` (`content_id`),
  KEY `idx_asset_type` (`asset_type`),
  CONSTRAINT `content_assets_ibfk_1` FOREIGN KEY (`content_id`) REFERENCES `content_items` (`id`) ON DELETE CASCADE
) ENGINE=InnoDB AUTO_INCREMENT=28 DEFAULT CHARSET=utf8mb4 COLLATE=utf8mb4_unicode_ci;
/*!40101 SET character_set_client = @saved_cs_client */;

--
-- Dumping data for table `content_assets`
--

LOCK TABLES `content_assets` WRITE;
/*!40000 ALTER TABLE `content_assets` DISABLE KEYS */;
INSERT INTO `content_assets` VALUES (1,1,'font',NULL,'https://fonts.cdnfonts.com/css/bellefair','{\"font_name\": \"Bellefair\"}','2026-01-09 09:00:18'),(2,2,'font',NULL,'https://fonts.cdnfonts.com/css/naomis-citadel','{\"font_name\": \"citadel script\"}','2026-01-09 09:01:26'),(3,3,'font',NULL,'https://fonts.cdnfonts.com/css/old-standard-2','{\"font_name\": \"old standard\"}','2026-01-09 09:02:16'),(4,4,'font',NULL,'https://fonts.cdnfonts.com/css/cinzel-decorative','{\"font_name\": \"cinzel decoretive\"}','2026-01-09 09:02:59'),(5,5,'font',NULL,'https://fonts.cdnfonts.com/css/alice','{\"font_name\": \"alice\"}','2026-01-09 09:08:42'),(6,6,'background',NULL,'https://res.cloudinary.com/dsyb7ymon/image/upload/v1767949810/eb21rjxenemo06wy9u79.png','{\"width\": 1200, \"height\": 800, \"file_size\": 4025833, \"image_hash\": \"f94d59887e8fccbc7f82c98d4dbcb2bb67e568064e84d81ba321f807d897d0da\", \"usage_count\": 1, \"cloudinary_public_id\": \"eb21rjxenemo06wy9u79\"}','2026-01-09 09:10:10'),(7,7,'image',NULL,'https://res.cloudinary.com/dsyb7ymon/image/upload/v1767949820/kwgkd5n79y4sup1hfo89.png','{\"type\": \"thumbnail\"}','2026-01-09 09:28:48'),(8,7,'image','eb21rjxenemo06wy9u79','https://res.cloudinary.com/dsyb7ymon/image/upload/v1767949810/eb21rjxenemo06wy9u79.png','{\"type\": \"background\"}','2026-01-09 09:33:10'),(9,8,'background',NULL,'https://res.cloudinary.com/dsyb7ymon/image/upload/v1767952195/nk8fexi4ooxvostm4jtv.png','{\"width\": 1200, \"height\": 800, \"file_size\": 1105349, \"image_hash\": \"5aef865359ca9473017657b06059d1b664c1ba4c5aaa75996450fc3030bea258\", \"usage_count\": 1, \"cloudinary_public_id\": \"nk8fexi4ooxvostm4jtv\"}','2026-01-09 09:49:55'),(10,9,'background',NULL,'https://res.cloudinary.com/dsyb7ymon/image/upload/v1767952225/mjajlazlfxgamjvboiwv.png','{\"width\": 1200, \"height\": 800, \"file_size\": 944265, \"image_hash\": \"3564b2b22332a5319878fc40212c140ffbd256668c0755fdc2fa86875993f54e\", \"usage_count\": 1, \"cloudinary_public_id\": \"mjajlazlfxgamjvboiwv\"}','2026-01-09 09:50:25'),(11,10,'image',NULL,'https://res.cloudinary.com/dsyb7ymon/image/upload/v1767952239/q9zh1msz6slfurui2dq8.png','{\"type\": \"thumbnail\"}','2026-01-09 09:53:47'),(12,10,'image','mjajlazlfxgamjvboiwv','https://res.cloudinary.com/dsyb7ymon/image/upload/v1767952195/nk8fexi4ooxvostm4jtv.png','{\"type\": \"background\"}','2026-01-09 09:54:02'),(13,11,'video_cards',NULL,'','[{\"fields\": [{\"name\": \"field_1\", \"label\": \"Name\", \"options\": null, \"required\": true, \"field_type\": \"text\", \"sort_order\": 0, \"helper_text\": null}, {\"name\": \"field_2\", \"label\": \"Partner Name\", \"options\": null, \"required\": true, \"field_type\": \"text\", \"sort_order\": 1, \"helper_text\": null}], \"sort_order\": 0, \"card_image_url\": \"https://res.cloudinary.com/dsyb7ymon/image/upload/v1767953000/efkswfoy8aoqeaxqvesp.png\", \"card_image_public_id\": \"efkswfoy8aoqeaxqvesp\"}, {\"fields\": [{\"name\": \"field_1\", \"label\": \"venue\", \"options\": null, \"required\": true, \"field_type\": \"text\", \"sort_order\": 0, \"helper_text\": null}, {\"name\": \"field_2\", \"label\": \"wedding date\", \"options\": null, \"required\": true, \"field_type\": \"date\", \"sort_order\": 1, \"helper_text\": null}], \"sort_order\": 1, \"card_image_url\": \"https://res.cloudinary.com/dsyb7ymon/image/upload/v1767953096/lparhpswuyaag0zxwnhi.png\", \"card_image_public_id\": \"lparhpswuyaag0zxwnhi\"}]','2026-01-09 10:06:03'),(14,12,'background',NULL,'https://res.cloudinary.com/dsyb7ymon/image/upload/v1768021279/j3o28fx0kyeivuv7qo5g.jpg','{\"width\": 1200, \"height\": 800, \"file_size\": 270546, \"image_hash\": \"d1a28e829ad5d29531d58afba72734f1982dc61afc43c03bc5f41db1d3fa050f\", \"usage_count\": 1, \"cloudinary_public_id\": \"j3o28fx0kyeivuv7qo5g\"}','2026-01-10 05:01:20'),(15,13,'image',NULL,'https://res.cloudinary.com/dsyb7ymon/image/upload/v1768021265/uth4xper1h8rft7hgnwb.jpg','{\"type\": \"thumbnail\"}','2026-01-10 05:02:41'),(16,13,'image','j3o28fx0kyeivuv7qo5g','https://res.cloudinary.com/dsyb7ymon/image/upload/v1768021279/j3o28fx0kyeivuv7qo5g.jpg','{\"type\": \"background\"}','2026-01-10 05:03:22'),(17,14,'background',NULL,'https://res.cloudinary.com/dsyb7ymon/image/upload/v1768370501/lbdmsodvfgjlagetriuo.png','{\"width\": 1200, \"height\": 800, \"file_size\": 561627, \"image_hash\": \"e1d616a3166111c3efb4740c09910bc6b8a4d36bf4cef25da187652bda883f25\", \"usage_count\": 3.0, \"cloudinary_public_id\": \"lbdmsodvfgjlagetriuo\"}','2026-01-14 06:01:42'),(18,15,'font',NULL,'https://fonts.cdnfonts.com/css/amores-free-font','{\"font_name\": \"amores\"}','2026-01-14 06:09:12'),(19,16,'font',NULL,'https://fonts.cdnfonts.com/css/amorisa-free','{\"font_name\": \"Amorisa Free\"}','2026-01-14 06:16:59'),(20,17,'image',NULL,'https://res.cloudinary.com/dsyb7ymon/image/upload/v1768371014/paatjmzq8pabf1qhdaoh.png','{\"type\": \"thumbnail\"}','2026-01-14 06:17:55'),(21,17,'image',NULL,'https://res.cloudinary.com/dsyb7ymon/image/upload/v1768370501/lbdmsodvfgjlagetriuo.png','{\"type\": \"background\"}','2026-01-14 06:20:41'),(22,18,'font',NULL,'https://db.onlinewebfonts.com/c/53f9cfba1dd5f4834ce9e83579f1d5a9?family=Albertus+Nova+W07+Bold','{\"font_name\": \"ALbertus NOva\"}','2026-01-14 07:46:20'),(23,19,'background',NULL,'https://res.cloudinary.com/dsyb7ymon/image/upload/v1768376835/sv45opxmjp7fhmigglgx.png','{\"width\": 1200, \"height\": 800, \"file_size\": 1187515, \"image_hash\": \"cf4c476b13641b3d4dcf8323086bb2ae5d2e09e92ed7587114978c95dd1f8306\", \"usage_count\": 1, \"cloudinary_public_id\": \"sv45opxmjp7fhmigglgx\"}','2026-01-14 07:47:16'),(24,20,'background',NULL,'https://res.cloudinary.com/dsyb7ymon/image/upload/v1768376889/kpsd18ktyhfti9tkq0g3.png','{\"width\": 1200, \"height\": 800, \"file_size\": 1373740, \"image_hash\": \"51fdd2c2bdaa45b225e3282f3e168b211404f5f82f431397a631521743933b3c\", \"usage_count\": 3.0, \"cloudinary_public_id\": \"kpsd18ktyhfti9tkq0g3\"}','2026-01-14 07:48:10'),(25,21,'image',NULL,'https://res.cloudinary.com/dsyb7ymon/image/upload/v1768377556/qyzzar1l8vdkej5ytlos.png','{\"type\": \"thumbnail\"}','2026-01-14 07:58:23'),(26,21,'image','kpsd18ktyhfti9tkq0g3','https://res.cloudinary.com/dsyb7ymon/image/upload/v1768376889/kpsd18ktyhfti9tkq0g3.png','{\"type\": \"background\"}','2026-01-14 07:59:21'),(27,22,'background',NULL,'https://res.cloudinary.com/dsyb7ymon/image/upload/v1768377718/drg3jhba2ejelnd0di53.png','{\"width\": 1200, \"height\": 800, \"file_size\": 1454539, \"image_hash\": \"3e3f7b456cb5f3ec1e3051e051b57d68f077ecf5c5319f5b2428b43c18ca452d\", \"usage_count\": 2.0, \"cloudinary_public_id\": \"drg3jhba2ejelnd0di53\"}','2026-01-14 08:01:58');
/*!40000 ALTER TABLE `content_assets` ENABLE KEYS */;
UNLOCK TABLES;

--
-- Table structure for table `content_items`
--

DROP TABLE IF EXISTS `content_items`;
/*!40101 SET @saved_cs_client     = @@character_set_client */;
/*!50503 SET character_set_client = utf8mb4 */;
CREATE TABLE `content_items` (
  `id` bigint NOT NULL AUTO_INCREMENT,
  `type` enum('ecard','video') COLLATE utf8mb4_unicode_ci NOT NULL,
  `title` varchar(255) COLLATE utf8mb4_unicode_ci NOT NULL,
  `slug` varchar(255) COLLATE utf8mb4_unicode_ci NOT NULL,
  `description` text COLLATE utf8mb4_unicode_ci,
  `is_active` tinyint(1) DEFAULT '1',
  `created_at` timestamp NULL DEFAULT CURRENT_TIMESTAMP,
  `updated_at` timestamp NULL DEFAULT CURRENT_TIMESTAMP ON UPDATE CURRENT_TIMESTAMP,
  PRIMARY KEY (`id`),
  UNIQUE KEY `slug` (`slug`),
  KEY `idx_type` (`type`),
  KEY `idx_active` (`is_active`)
) ENGINE=InnoDB AUTO_INCREMENT=23 DEFAULT CHARSET=utf8mb4 COLLATE=utf8mb4_unicode_ci;
/*!40101 SET character_set_client = @saved_cs_client */;

--
-- Dumping data for table `content_items`
--

LOCK TABLES `content_items` WRITE;
/*!40000 ALTER TABLE `content_items` DISABLE KEYS */;
INSERT INTO `content_items` VALUES (1,'ecard','Bellefair','bellefair',NULL,1,'2026-01-09 09:00:18','2026-01-09 09:00:18'),(2,'ecard','citadel script','citadel-script',NULL,1,'2026-01-09 09:01:26','2026-01-09 09:01:26'),(3,'ecard','old standard','old-standard',NULL,1,'2026-01-09 09:02:16','2026-01-09 09:02:16'),(4,'ecard','cinzel decoretive','cinzel-decoretive',NULL,1,'2026-01-09 09:02:59','2026-01-09 09:02:59'),(5,'ecard','alice','alice',NULL,1,'2026-01-09 09:08:42','2026-01-09 09:08:42'),(6,'ecard','Background eb21rjxenemo06wy9u79','bg-eb21rjxenemo06wy9u79',NULL,1,'2026-01-09 09:10:10','2026-01-09 09:10:10'),(7,'ecard','BLUE','blue',NULL,1,'2026-01-09 09:28:48','2026-01-10 04:43:34'),(8,'ecard','Background nk8fexi4ooxvostm4jtv','bg-nk8fexi4ooxvostm4jtv',NULL,1,'2026-01-09 09:49:55','2026-01-09 09:49:55'),(9,'ecard','Background mjajlazlfxgamjvboiwv','bg-mjajlazlfxgamjvboiwv',NULL,1,'2026-01-09 09:50:25','2026-01-09 09:50:25'),(10,'ecard','multi card','multi-card',NULL,1,'2026-01-09 09:53:47','2026-01-10 05:47:37'),(11,'video','italic','italic',NULL,1,'2026-01-09 10:06:03','2026-01-09 10:06:03'),(12,'ecard','Background j3o28fx0kyeivuv7qo5g','bg-j3o28fx0kyeivuv7qo5g',NULL,1,'2026-01-10 05:01:20','2026-01-10 05:01:20'),(13,'ecard','third template','third-template',NULL,1,'2026-01-10 05:02:41','2026-01-10 05:42:12'),(14,'ecard','Background lbdmsodvfgjlagetriuo','bg-lbdmsodvfgjlagetriuo',NULL,1,'2026-01-14 06:01:42','2026-01-14 06:01:42'),(15,'ecard','amores','amores',NULL,1,'2026-01-14 06:09:12','2026-01-14 06:09:12'),(16,'ecard','Amorisa Free','amorisa-free',NULL,1,'2026-01-14 06:16:59','2026-01-14 06:16:59'),(17,'ecard','Wedding Wardrobe','wedding-wardrobe',NULL,1,'2026-01-14 06:17:55','2026-01-14 06:33:53'),(18,'ecard','ALbertus NOva','albertus-nova',NULL,1,'2026-01-14 07:46:20','2026-01-14 07:46:20'),(19,'ecard','Background sv45opxmjp7fhmigglgx','bg-sv45opxmjp7fhmigglgx',NULL,1,'2026-01-14 07:47:16','2026-01-14 07:47:16'),(20,'ecard','Background kpsd18ktyhfti9tkq0g3','bg-kpsd18ktyhfti9tkq0g3',NULL,1,'2026-01-14 07:48:10','2026-01-14 07:48:10'),(21,'ecard','wedding','wedding',NULL,1,'2026-01-14 07:58:23','2026-01-14 08:03:48'),(22,'ecard','Background drg3jhba2ejelnd0di53','bg-drg3jhba2ejelnd0di53',NULL,1,'2026-01-14 08:01:58','2026-01-14 08:01:58');
/*!40000 ALTER TABLE `content_items` ENABLE KEYS */;
UNLOCK TABLES;

--
-- Table structure for table `ecard_templates`
--

DROP TABLE IF EXISTS `ecard_templates`;
/*!40101 SET @saved_cs_client     = @@character_set_client */;
/*!50503 SET character_set_client = utf8mb4 */;
CREATE TABLE `ecard_templates` (
  `content_id` bigint NOT NULL,
  `canvas_schema` json NOT NULL,
  `is_multipage` tinyint(1) DEFAULT '0',
  PRIMARY KEY (`content_id`),
  CONSTRAINT `ecard_templates_ibfk_1` FOREIGN KEY (`content_id`) REFERENCES `content_items` (`id`) ON DELETE CASCADE
) ENGINE=InnoDB DEFAULT CHARSET=utf8mb4 COLLATE=utf8mb4_unicode_ci;
/*!40101 SET character_set_client = @saved_cs_client */;

--
-- Dumping data for table `ecard_templates`
--

LOCK TABLES `ecard_templates` WRITE;
/*!40000 ALTER TABLE `ecard_templates` DISABLE KEYS */;
INSERT INTO `ecard_templates` VALUES (7,'{\"color\": \"#FFFFFF\", \"canvasWidth\": 445.3333333333333, \"customFonts\": [{\"url\": \"https://fonts.cdnfonts.com/css/bellefair\", \"name\": \"Bellefair\"}, {\"url\": \"https://fonts.cdnfonts.com/css/alice\", \"name\": \"alice\"}, {\"url\": \"https://fonts.cdnfonts.com/css/cinzel-decorative\", \"name\": \"cinzel decoretive\"}, {\"url\": \"https://fonts.cdnfonts.com/css/naomis-citadel\", \"name\": \"citadel script\"}, {\"url\": \"https://fonts.cdnfonts.com/css/old-standard-2\", \"name\": \"old standard\"}], \"canvasHeight\": 668, \"textElements\": [{\"id\": \"1\", \"top\": 161.4145755821838, \"fill\": \"#fffafa\", \"left\": 222.66666666666663, \"text\": \"SANGEET\", \"angle\": 0, \"label\": \"Text Field 1\", \"width\": 342.91581108829564, \"locked\": false, \"scaleX\": 1, \"scaleY\": 1, \"fontSize\": 54, \"textAlign\": \"center\", \"fontFamily\": \"Bellefair\", \"fontWeight\": \"normal\", \"topPercent\": 24.163858620087396, \"canvasWidth\": 445.3333333333333, \"leftPercent\": 50, \"canvasHeight\": 668, \"widthPercent\": 77.00205338809035, \"fontSizeRatio\": 0.15747305389221558}, {\"id\": \"2\", \"top\": 222.15961833483303, \"fill\": \"#ffffff\", \"left\": 222.66666666666663, \"text\": \"We are thrilled to invite you to join us in celebrating the joyous sangeet night of\", \"angle\": 0, \"label\": \"Text Field 2\", \"width\": 325.03041610089576, \"locked\": false, \"scaleX\": 1, \"scaleY\": 1, \"fontSize\": 14, \"textAlign\": \"center\", \"fontFamily\": \"Bellefair\", \"fontWeight\": \"normal\", \"topPercent\": 33.257427894436084, \"canvasWidth\": 445.3333333333333, \"leftPercent\": 50, \"canvasHeight\": 668, \"widthPercent\": 72.98587187894367, \"fontSizeRatio\": 0.04307289197099058}, {\"id\": \"3\", \"top\": 254.09765744428896, \"fill\": \"#faf9f9\", \"left\": 222.66666666666663, \"text\": \"Akshita & Sharya !\", \"angle\": 0, \"label\": \"Text Field 3\", \"width\": 346.02068638366336, \"locked\": false, \"scaleX\": 1, \"scaleY\": 1, \"fontSize\": 33, \"textAlign\": \"center\", \"fontFamily\": \"citadel script\", \"fontWeight\": \"normal\", \"topPercent\": 38.03857147369595, \"canvasWidth\": 445.3333333333333, \"leftPercent\": 50, \"canvasHeight\": 668, \"widthPercent\": 77.69925592447531, \"fontSizeRatio\": 0.09537002063341964}, {\"id\": \"4\", \"top\": 291.0369829584959, \"fill\": \"#f7f7f7\", \"left\": 222.66666666666663, \"text\": \"8th March 2024\", \"angle\": 0, \"label\": \"Text Field 4\", \"width\": 153.90766320771456, \"locked\": false, \"scaleX\": 1, \"scaleY\": 1, \"fontSize\": 21, \"textAlign\": \"center\", \"fontFamily\": \"Arial\", \"fontWeight\": \"normal\", \"topPercent\": 43.56841062252933, \"canvasWidth\": 445.3333333333333, \"leftPercent\": 50, \"canvasHeight\": 668, \"widthPercent\": 34.56010401370836, \"fontSizeRatio\": 0.13644544762958483}, {\"id\": \"5\", \"top\": 347.8390649422084, \"fill\": \"#ffffff\", \"left\": 222.66666666666663, \"text\": \"123 Anywhere St., Any City\", \"angle\": 0, \"label\": \"Text Field 5\", \"width\": 233.08836233149563, \"locked\": false, \"scaleX\": 1, \"scaleY\": 1, \"fontSize\": 18, \"textAlign\": \"center\", \"fontFamily\": \"Arial\", \"fontWeight\": \"normal\", \"topPercent\": 52.07171630871383, \"canvasWidth\": 445.3333333333333, \"leftPercent\": 50, \"canvasHeight\": 668, \"widthPercent\": 52.34020112234183, \"fontSizeRatio\": 0.0772239326749424}, {\"id\": \"6\", \"top\": 382.99666998349846, \"fill\": \"#fafafa\", \"left\": 217.2691685728926, \"text\": \"7 pm onwards\", \"angle\": 0, \"label\": \"Text Field 6\", \"width\": 429.4918761465722, \"locked\": false, \"scaleX\": 1, \"scaleY\": 1, \"fontSize\": 33, \"textAlign\": \"center\", \"fontFamily\": \"cinzel decoretive\", \"fontWeight\": \"normal\", \"topPercent\": 57.33483083585307, \"canvasWidth\": 445.3333333333333, \"leftPercent\": 48.787986954990856, \"canvasHeight\": 668, \"widthPercent\": 96.44278655985904, \"fontSizeRatio\": 0.07683498066617243}], \"backgroundImageUrl\": \"https://res.cloudinary.com/dsyb7ymon/image/upload/v1767949810/eb21rjxenemo06wy9u79.png\", \"backgroundCloudinaryPublicId\": \"eb21rjxenemo06wy9u79\"}',0),(10,'{\"color\": \"#FFFFFF\", \"pages\": [{\"imageUrl\": \"https://res.cloudinary.com/dsyb7ymon/image/upload/v1767952195/nk8fexi4ooxvostm4jtv.png\", \"canvasData\": {\"canvasWidth\": 473.86727688787187, \"canvasHeight\": 668, \"textElements\": [{\"id\": \"1\", \"top\": 110.25123467794415, \"fill\": \"#000000\", \"left\": 239.6758896049066, \"text\": \"shyam\", \"angle\": 0, \"label\": \"Text Field 1\", \"width\": 342.9158110882957, \"height\": 62.14999999999999, \"locked\": false, \"scaleX\": 1, \"scaleY\": 1, \"fontSize\": 55, \"textAlign\": \"center\", \"fontFamily\": \"Bellefair\", \"fontWeight\": \"normal\", \"topPercent\": 16.504675849991642, \"canvasWidth\": 473.86727688787187, \"leftPercent\": 50.5786960388952, \"canvasHeight\": 668, \"widthPercent\": 72.36537060343115, \"heightPercent\": 9.303892215568862}, {\"id\": \"2\", \"top\": 243.90532717568735, \"fill\": \"#000000\", \"left\": 379.902767360381, \"text\": \"testing\", \"angle\": 0, \"label\": \"Text Field 2\", \"width\": 342.9158110882957, \"height\": 62.14999999999999, \"locked\": false, \"scaleX\": 1, \"scaleY\": 1, \"fontSize\": 55, \"textAlign\": \"center\", \"fontFamily\": \"alice\", \"fontWeight\": \"normal\", \"topPercent\": 36.51277352929452, \"canvasWidth\": 473.86727688787187, \"leftPercent\": 80.17071148178795, \"canvasHeight\": 668, \"widthPercent\": 72.36537060343115, \"heightPercent\": 9.303892215568862}, {\"id\": \"3\", \"top\": 291.5346941724991, \"fill\": \"#000000\", \"left\": 46.1524372819872, \"text\": \"Double click to edit\", \"angle\": 0, \"label\": \"Text Field 3\", \"width\": 202.64242419194588, \"height\": 206.33799999999997, \"locked\": false, \"scaleX\": 0.29097474082638775, \"scaleY\": 0.29097474082638775, \"fontSize\": 55, \"textAlign\": \"center\", \"fontFamily\": \"Bellefair\", \"fontWeight\": \"normal\", \"topPercent\": 43.64291828929627, \"canvasWidth\": 473.86727688787187, \"leftPercent\": 9.739528246198766, \"canvasHeight\": 668, \"widthPercent\": 12.443110072281822, \"heightPercent\": 8.987896118657963}]}, \"backgroundId\": null, \"previewImageUrl\": \"https://res.cloudinary.com/dsyb7ymon/image/upload/v1767952239/q9zh1msz6slfurui2dq8.png\", \"previewPublicId\": \"q9zh1msz6slfurui2dq8\", \"cloudinaryPublicId\": \"nk8fexi4ooxvostm4jtv\"}, {\"imageUrl\": \"https://res.cloudinary.com/dsyb7ymon/image/upload/v1767952225/mjajlazlfxgamjvboiwv.png\", \"canvasData\": {\"canvasWidth\": 473.86727688787187, \"canvasHeight\": 668, \"textElements\": [{\"id\": \"1\", \"top\": 334, \"fill\": \"#000000\", \"left\": 236.93363844393593, \"text\": \"Double click to edit\", \"angle\": 0, \"label\": \"Text Field 1\", \"width\": 250, \"locked\": false, \"scaleX\": 1, \"scaleY\": 1, \"fontSize\": 40, \"textAlign\": \"center\", \"fontFamily\": \"Arial\", \"fontWeight\": \"normal\", \"topPercent\": 50, \"canvasWidth\": 473.86727688787187, \"leftPercent\": 50, \"canvasHeight\": 668, \"widthPercent\": 52.757388448908635, \"fontSizeRatio\": 0.16}]}, \"backgroundId\": null, \"previewImageUrl\": \"https://res.cloudinary.com/dsyb7ymon/image/upload/v1767952504/lvrty9hmzoxviyqy0a7m.png\", \"previewPublicId\": \"lvrty9hmzoxviyqy0a7m\", \"cloudinaryPublicId\": \"mjajlazlfxgamjvboiwv\"}], \"canvasWidth\": 473.86727688787187, \"customFonts\": [{\"url\": \"https://fonts.cdnfonts.com/css/bellefair\", \"name\": \"Bellefair\"}, {\"url\": \"https://fonts.cdnfonts.com/css/alice\", \"name\": \"alice\"}, {\"url\": \"https://fonts.cdnfonts.com/css/cinzel-decorative\", \"name\": \"cinzel decoretive\"}, {\"url\": \"https://fonts.cdnfonts.com/css/naomis-citadel\", \"name\": \"citadel script\"}, {\"url\": \"https://fonts.cdnfonts.com/css/old-standard-2\", \"name\": \"old standard\"}], \"canvasHeight\": 668, \"textElements\": [{\"id\": \"1\", \"top\": 110.25123467794415, \"fill\": \"#000000\", \"left\": 239.6758896049066, \"text\": \"shyam\", \"angle\": 0, \"label\": \"Text Field 1\", \"width\": 342.9158110882957, \"height\": 62.14999999999999, \"locked\": false, \"scaleX\": 1, \"scaleY\": 1, \"fontSize\": 55, \"textAlign\": \"center\", \"fontFamily\": \"Bellefair\", \"fontWeight\": \"normal\", \"topPercent\": 16.504675849991642, \"canvasWidth\": 473.86727688787187, \"leftPercent\": 50.5786960388952, \"canvasHeight\": 668, \"widthPercent\": 72.36537060343115, \"heightPercent\": 9.303892215568862}, {\"id\": \"2\", \"top\": 243.90532717568735, \"fill\": \"#000000\", \"left\": 379.902767360381, \"text\": \"testing\", \"angle\": 0, \"label\": \"Text Field 2\", \"width\": 342.9158110882957, \"height\": 62.14999999999999, \"locked\": false, \"scaleX\": 1, \"scaleY\": 1, \"fontSize\": 55, \"textAlign\": \"center\", \"fontFamily\": \"alice\", \"fontWeight\": \"normal\", \"topPercent\": 36.51277352929452, \"canvasWidth\": 473.86727688787187, \"leftPercent\": 80.17071148178795, \"canvasHeight\": 668, \"widthPercent\": 72.36537060343115, \"heightPercent\": 9.303892215568862}, {\"id\": \"3\", \"top\": 291.5346941724991, \"fill\": \"#000000\", \"left\": 46.1524372819872, \"text\": \"Double click to edit\", \"angle\": 0, \"label\": \"Text Field 3\", \"width\": 202.64242419194588, \"height\": 206.33799999999997, \"locked\": false, \"scaleX\": 0.29097474082638775, \"scaleY\": 0.29097474082638775, \"fontSize\": 55, \"textAlign\": \"center\", \"fontFamily\": \"Bellefair\", \"fontWeight\": \"normal\", \"topPercent\": 43.64291828929627, \"canvasWidth\": 473.86727688787187, \"leftPercent\": 9.739528246198766, \"canvasHeight\": 668, \"widthPercent\": 12.443110072281822, \"heightPercent\": 8.987896118657963}], \"backgroundImageUrl\": \"https://res.cloudinary.com/dsyb7ymon/image/upload/v1767952195/nk8fexi4ooxvostm4jtv.png\", \"backgroundCloudinaryPublicId\": \"mjajlazlfxgamjvboiwv\"}',1),(13,'{\"color\": \"#FFFFFF\", \"canvasWidth\": 445.3333333333333, \"customFonts\": [{\"url\": \"https://fonts.cdnfonts.com/css/bellefair\", \"name\": \"Bellefair\"}, {\"url\": \"https://fonts.cdnfonts.com/css/alice\", \"name\": \"alice\"}, {\"url\": \"https://fonts.cdnfonts.com/css/cinzel-decorative\", \"name\": \"cinzel decoretive\"}, {\"url\": \"https://fonts.cdnfonts.com/css/naomis-citadel\", \"name\": \"citadel script\"}, {\"url\": \"https://fonts.cdnfonts.com/css/old-standard-2\", \"name\": \"old standard\"}], \"canvasHeight\": 668, \"textElements\": [{\"id\": \"1\", \"top\": 298.90673178605925, \"fill\": \"#000000\", \"left\": 227.26662250237203, \"text\": \"Double click to edit\", \"angle\": 0, \"label\": \"Text Field 1\", \"width\": 302.45601074218746, \"height\": 318.88599999999997, \"locked\": false, \"scaleX\": 0.31988406539074143, \"scaleY\": 0.31988406539074143, \"fontSize\": 85, \"textAlign\": \"center\", \"fontFamily\": \"alice\", \"fontWeight\": \"normal\", \"topPercent\": 44.74651673444001, \"canvasWidth\": 445.3333333333333, \"leftPercent\": 51.032924214604506, \"canvasHeight\": 668, \"widthPercent\": 21.72549213729267, \"heightPercent\": 15.270441628172447}], \"backgroundImageUrl\": \"https://res.cloudinary.com/dsyb7ymon/image/upload/v1768021279/j3o28fx0kyeivuv7qo5g.jpg\", \"backgroundCloudinaryPublicId\": \"j3o28fx0kyeivuv7qo5g\"}',0),(17,'{\"color\": \"#FFFFFF\", \"canvasWidth\": 273.9375, \"customFonts\": [{\"url\": \"https://fonts.cdnfonts.com/css/amorisa-free\", \"name\": \"Amorisa Free\"}, {\"url\": \"https://fonts.cdnfonts.com/css/bellefair\", \"name\": \"Bellefair\"}, {\"url\": \"https://fonts.cdnfonts.com/css/alice\", \"name\": \"alice\"}, {\"url\": \"https://fonts.cdnfonts.com/css/amores-free-font\", \"name\": \"amores\"}, {\"url\": \"https://fonts.cdnfonts.com/css/cinzel-decorative\", \"name\": \"cinzel decoretive\"}, {\"url\": \"https://fonts.cdnfonts.com/css/naomis-citadel\", \"name\": \"citadel script\"}, {\"url\": \"https://fonts.cdnfonts.com/css/old-standard-2\", \"name\": \"old standard\"}], \"canvasHeight\": 487, \"textElements\": [{\"id\": \"1\", \"top\": 84.06842380731715, \"fill\": \"#b33b49\", \"left\": 136.96875, \"text\": \"WARDROBE PLANNER\", \"angle\": 0, \"label\": \"Text Field 1\", \"width\": 491.5307320806472, \"height\": 45.2, \"locked\": false, \"scaleX\": 0.42166354112333815, \"scaleY\": 0.42166354112333815, \"fontSize\": 40, \"textAlign\": \"center\", \"fontFamily\": \"amores\", \"fontWeight\": \"normal\", \"topPercent\": 17.262510022036377, \"canvasWidth\": 273.9375, \"leftPercent\": 50, \"canvasHeight\": 487, \"widthPercent\": 75.65980891994433, \"heightPercent\": 3.913591798516403}, {\"id\": \"2\", \"top\": 108.59017951016484, \"fill\": \"#465b32\", \"left\": 136.96875, \"text\": \"Juliana weds Jonathan \", \"angle\": 0, \"label\": \"Text Field 2\", \"width\": 391.3427803064509, \"height\": 45.2, \"locked\": false, \"scaleX\": 0.4546937792478933, \"scaleY\": 0.4546937792478933, \"fontSize\": 40, \"textAlign\": \"center\", \"fontFamily\": \"Amorisa Free\", \"fontWeight\": \"normal\", \"topPercent\": 22.297778133504075, \"canvasWidth\": 273.9375, \"leftPercent\": 50, \"canvasHeight\": 487, \"widthPercent\": 64.9568342263904, \"heightPercent\": 4.22015581560673}, {\"id\": \"3\", \"top\": 209.3960178793404, \"fill\": \"#5f6a4f\", \"left\": 78.42332451955872, \"text\": \"28th June, 2024\", \"angle\": 0, \"label\": \"Text Field 3\", \"width\": 360.33275161866754, \"height\": 45.2, \"locked\": false, \"scaleX\": 0.2253217539141937, \"scaleY\": 0.2253217539141937, \"fontSize\": 40, \"textAlign\": \"center\", \"fontFamily\": \"Bellefair\", \"fontWeight\": \"normal\", \"topPercent\": 42.99712892799597, \"canvasWidth\": 273.9375, \"leftPercent\": 28.62818143538534, \"canvasHeight\": 487, \"widthPercent\": 29.638442194823888, \"heightPercent\": 2.0912819870475468}, {\"id\": \"4\", \"top\": 228.34746137129855, \"fill\": \"#5f6a4f\", \"left\": 77.11954544503963, \"text\": \"Mehendi\\nMulti-coloured floral attire\", \"angle\": 0, \"label\": \"Text Field 4\", \"width\": 520.7948785510212, \"height\": 97.63199999999998, \"locked\": false, \"scaleX\": 0.18129027503569137, \"scaleY\": 0.1812902750356913, \"fontSize\": 40, \"textAlign\": \"center\", \"fontFamily\": \"Bellefair\", \"fontWeight\": \"normal\", \"topPercent\": 46.88859576412701, \"canvasWidth\": 273.9375, \"leftPercent\": 28.15224109332955, \"canvasHeight\": 487, \"widthPercent\": 34.465908015402825, \"heightPercent\": 3.634441916280207}, {\"id\": \"5\", \"top\": 209.29112255818885, \"fill\": \"#5f6a4f\", \"left\": 199.1326719690281, \"text\": \"29th June, 2024\", \"angle\": 0, \"label\": \"Text Field 5\", \"width\": 383.0330943703647, \"height\": 45.2, \"locked\": false, \"scaleX\": 0.23197608149209412, \"scaleY\": 0.23197608149209412, \"fontSize\": 40, \"textAlign\": \"center\", \"fontFamily\": \"Bellefair\", \"fontWeight\": \"normal\", \"topPercent\": 42.975589847677384, \"canvasWidth\": 273.9375, \"leftPercent\": 72.69273902588294, \"canvasHeight\": 487, \"widthPercent\": 32.43605432400774, \"heightPercent\": 2.1530428918773414}, {\"id\": \"6\", \"top\": 228.01653240493985, \"fill\": \"#5f6a4f\", \"left\": 196.3735582778674, \"text\": \"Sangeet\\nDazzling Shimmer\", \"angle\": 0, \"label\": \"Text Field 6\", \"width\": 416.1043038131688, \"height\": 97.63199999999998, \"locked\": false, \"scaleX\": 0.19160008378284493, \"scaleY\": 0.19160008378284493, \"fontSize\": 40, \"textAlign\": \"center\", \"fontFamily\": \"Bellefair\", \"fontWeight\": \"normal\", \"topPercent\": 46.82064320429976, \"canvasWidth\": 273.9375, \"leftPercent\": 71.68553348039877, \"canvasHeight\": 487, \"widthPercent\": 29.103580003835, \"heightPercent\": 3.841129236116368}, {\"id\": \"7\", \"top\": 319.815247461253, \"fill\": \"#5f6a4f\", \"left\": 78.32914647369783, \"text\": \"30th June, 2024\", \"angle\": 0, \"label\": \"Text Field 7\", \"width\": 303.46831998274587, \"height\": 45.2, \"locked\": false, \"scaleX\": 0.21251760600420627, \"scaleY\": 0.21251760600420627, \"fontSize\": 40, \"textAlign\": \"center\", \"fontFamily\": \"Bellefair\", \"fontWeight\": \"normal\", \"topPercent\": 65.67048202489795, \"canvasWidth\": 273.9375, \"leftPercent\": 28.59380204378657, \"canvasHeight\": 487, \"widthPercent\": 23.542728126252, \"heightPercent\": 1.9724426676365752}, {\"id\": \"8\", \"top\": 339.5289800457377, \"fill\": \"#5f6a4f\", \"left\": 76.55237654078807, \"text\": \"Haldi\\nShades of Yellow\", \"angle\": 0, \"label\": \"Text Field 8\", \"width\": 384.9426991280307, \"height\": 97.63199999999998, \"locked\": false, \"scaleX\": 0.1805284523199737, \"scaleY\": 0.1805284523199737, \"fontSize\": 40, \"textAlign\": \"center\", \"fontFamily\": \"Bellefair\", \"fontWeight\": \"normal\", \"topPercent\": 69.71847639542868, \"canvasWidth\": 273.9375, \"leftPercent\": 27.94519791587062, \"canvasHeight\": 487, \"widthPercent\": 25.3682353476456, \"heightPercent\": 3.6191691697954145}, {\"id\": \"9\", \"top\": 326.9006829015774, \"fill\": \"#5f6a4f\", \"left\": 204.5995849836036, \"text\": \"30th June, 2024\", \"angle\": 0, \"label\": \"Text Field 9\", \"width\": 321.4286211463325, \"height\": 45.2, \"locked\": false, \"scaleX\": 0.20150766333903697, \"scaleY\": 0.20150766333903697, \"fontSize\": 40, \"textAlign\": \"center\", \"fontFamily\": \"Bellefair\", \"fontWeight\": \"normal\", \"topPercent\": 67.1253968997079, \"canvasWidth\": 273.9375, \"leftPercent\": 74.68841797256805, \"canvasHeight\": 487, \"widthPercent\": 23.644200000907517, \"heightPercent\": 1.870255930785312}, {\"id\": \"10\", \"top\": 346.0551150683525, \"fill\": \"#5f6a4f\", \"left\": 203.64234959186243, \"text\": \"Wedding\\nTraditional ethnic wear\", \"angle\": 0, \"label\": \"Text Field 10\", \"width\": 445.0459345473719, \"height\": 97.63199999999998, \"locked\": false, \"scaleX\": 0.1771613039875393, \"scaleY\": 0.1771613039875393, \"fontSize\": 40, \"textAlign\": \"center\", \"fontFamily\": \"Bellefair\", \"fontWeight\": \"normal\", \"topPercent\": 71.0585451885734, \"canvasWidth\": 273.9375, \"leftPercent\": 74.33898228313481, \"canvasHeight\": 487, \"widthPercent\": 28.78208281040948, \"heightPercent\": 3.551665796901731}, {\"id\": \"11\", \"top\": 428.7902278597013, \"fill\": \"#5f6a4f\", \"left\": 136.96875, \"text\": \"1st July, 2024\", \"angle\": 0, \"label\": \"Text Field 11\", \"width\": 250, \"height\": 45.2, \"locked\": false, \"scaleX\": 0.21984594944658253, \"scaleY\": 0.2343018657379401, \"fontSize\": 40, \"textAlign\": \"center\", \"fontFamily\": \"Bellefair\", \"fontWeight\": \"normal\", \"topPercent\": 88.04727471451771, \"canvasWidth\": 273.9375, \"leftPercent\": 50, \"canvasHeight\": 487, \"widthPercent\": 20.063513524671, \"heightPercent\": 2.1746292261509015}, {\"id\": \"12\", \"top\": 449.1713697841861, \"fill\": \"#5f6a4f\", \"left\": 136.96875, \"text\": \"Reception\\nChic & elegant cocktail party attire\", \"angle\": 0, \"label\": \"Text Field 12\", \"width\": 637.4105335553725, \"height\": 97.63199999999998, \"locked\": false, \"scaleX\": 0.19701290609713837, \"scaleY\": 0.19701290609713837, \"fontSize\": 40, \"textAlign\": \"center\", \"fontFamily\": \"Bellefair\", \"fontWeight\": \"normal\", \"topPercent\": 92.23231412406284, \"canvasWidth\": 273.9375, \"leftPercent\": 50, \"canvasHeight\": 487, \"widthPercent\": 45.8418805722734, \"heightPercent\": 3.949643541699345}], \"backgroundImageUrl\": \"https://res.cloudinary.com/dsyb7ymon/image/upload/v1768370501/lbdmsodvfgjlagetriuo.png\"}',0),(21,'{\"color\": \"#FFFFFF\", \"pages\": [{\"imageUrl\": \"https://res.cloudinary.com/dsyb7ymon/image/upload/v1768376889/kpsd18ktyhfti9tkq0g3.png\", \"canvasData\": {\"canvasWidth\": 319.8793565683646, \"canvasHeight\": 487, \"textElements\": [{\"id\": \"1\", \"top\": 137.81966698849743, \"fill\": \"#6ea683\", \"left\": 159.9396782841823, \"text\": \"WE INVITE YOU\\nTO CELEBRATE OUR WEDDING\", \"angle\": 0, \"label\": \"Text Field 1\", \"width\": 1232.7500183008317, \"height\": 97.63199999999998, \"locked\": true, \"scaleX\": 0.2136941772086853, \"scaleY\": 0.2136941772086853, \"fontSize\": 40, \"textAlign\": \"center\", \"fontFamily\": \"Arial\", \"fontWeight\": \"bold\", \"topPercent\": 28.299726281005633, \"canvasWidth\": 319.8793565683646, \"leftPercent\": 50, \"canvasHeight\": 487, \"widthPercent\": 82.3533921322264, \"heightPercent\": 4.284063636393913}, {\"id\": \"2\", \"top\": 175.5547634225447, \"fill\": \"#195c60\", \"left\": 159.31958730064386, \"text\": \"Tarun\", \"angle\": 0, \"label\": \"Text Field 2\", \"width\": 250, \"height\": 45.2, \"locked\": false, \"scaleX\": 0.8523973604562101, \"scaleY\": 0.8523973604562101, \"fontSize\": 40, \"textAlign\": \"center\", \"fontFamily\": \"Amorisa Free\", \"fontWeight\": \"bold\", \"topPercent\": 36.04820604159029, \"canvasWidth\": 319.8793565683646, \"leftPercent\": 49.8061484835437, \"canvasHeight\": 487, \"widthPercent\": 66.61865973477065, \"heightPercent\": 7.91136769869008}, {\"id\": \"3\", \"top\": 252.26218282397383, \"fill\": \"#195c60\", \"left\": 154.91687463391384, \"text\": \"Pooja\", \"angle\": 0, \"label\": \"Text Field 3\", \"width\": 250, \"height\": 45.2, \"locked\": false, \"scaleX\": 0.9069104300070152, \"scaleY\": 0.9069104300070152, \"fontSize\": 40, \"textAlign\": \"center\", \"fontFamily\": \"Amorisa Free\", \"fontWeight\": \"bold\", \"topPercent\": 51.799216185620914, \"canvasWidth\": 319.8793565683646, \"leftPercent\": 48.42978187021738, \"canvasHeight\": 487, \"widthPercent\": 70.87909952491654, \"heightPercent\": 8.417320623473735}, {\"id\": \"4\", \"top\": 208.290160164271, \"fill\": \"#6ea683\", \"left\": 169.9227445861231, \"text\": \"&\", \"angle\": 0, \"label\": \"Text Field 4\", \"width\": 250, \"height\": 45.2, \"locked\": false, \"scaleX\": 1, \"scaleY\": 1, \"fontSize\": 40, \"textAlign\": \"center\", \"fontFamily\": \"Amorisa Free\", \"fontWeight\": \"normal\", \"topPercent\": 42.770053421821565, \"canvasWidth\": 319.8793565683646, \"leftPercent\": 53.120884826403994, \"canvasHeight\": 487, \"widthPercent\": 78.15446507144954, \"heightPercent\": 9.281314168377824}, {\"id\": \"5\", \"top\": 290.85429043252805, \"fill\": \"#6ea683\", \"left\": 159.9396782841823, \"text\": \"November 25th, 2028\", \"angle\": 0, \"label\": \"Text Field 5\", \"width\": 445.1907494986312, \"height\": 45.2, \"locked\": false, \"scaleX\": 0.30185016079827687, \"scaleY\": 0.30185016079827687, \"fontSize\": 40, \"textAlign\": \"center\", \"fontFamily\": \"ALbertus NOva\", \"fontWeight\": \"bold\", \"topPercent\": 59.72367360010843, \"canvasWidth\": 319.8793565683646, \"leftPercent\": 50, \"canvasHeight\": 487, \"widthPercent\": 42.009869209345915, \"heightPercent\": 2.8015661741441713}, {\"id\": \"6\", \"top\": 307.9886073597039, \"fill\": \"#6ea683\", \"left\": 159.9396782841823, \"text\": \"Thursday\", \"angle\": 0, \"label\": \"Text Field 6\", \"width\": 250, \"height\": 45.2, \"locked\": false, \"scaleX\": 0.2977422020891621, \"scaleY\": 0.2977422020891621, \"fontSize\": 40, \"textAlign\": \"center\", \"fontFamily\": \"ALbertus NOva\", \"fontWeight\": \"bold\", \"topPercent\": 63.24201383156137, \"canvasWidth\": 319.8793565683646, \"leftPercent\": 50, \"canvasHeight\": 487, \"widthPercent\": 23.269882533473886, \"heightPercent\": 2.763438918774153}, {\"id\": \"7\", \"top\": 328.02651355301117, \"fill\": \"#195c60\", \"left\": 159.9396782841823, \"text\": \"Alwart Motel, Resort\", \"angle\": 0, \"label\": \"Text Field 7\", \"width\": 493.37538719868434, \"height\": 45.2, \"locked\": false, \"scaleX\": 0.271418843198347, \"scaleY\": 0.271418843198347, \"fontSize\": 40, \"textAlign\": \"center\", \"fontFamily\": \"ALbertus NOva\", \"fontWeight\": \"bold\", \"topPercent\": 67.3565736248483, \"canvasWidth\": 319.8793565683646, \"leftPercent\": 50, \"canvasHeight\": 487, \"widthPercent\": 41.863088100648945, \"heightPercent\": 2.5191235549415367}, {\"id\": \"8\", \"top\": 77.47540327454684, \"fill\": \"#000000\", \"left\": 161.63465121632677, \"text\": \"TP\", \"angle\": 0, \"label\": \"Text Field 8\", \"width\": 250, \"height\": 45.2, \"locked\": false, \"scaleX\": 0.2553175775865842, \"scaleY\": 0.2553175775865842, \"fontSize\": 40, \"textAlign\": \"center\", \"fontFamily\": \"Amorisa Free\", \"fontWeight\": \"bold\", \"topPercent\": 15.908707037894626, \"canvasWidth\": 319.8793565683646, \"leftPercent\": 50.52987881128935, \"canvasHeight\": 487, \"widthPercent\": 19.9542086996178, \"heightPercent\": 2.3696826502902675}]}, \"backgroundId\": null, \"previewImageUrl\": \"https://res.cloudinary.com/dsyb7ymon/image/upload/v1768377825/g4fae5osfchxenfumw2n.png\", \"previewPublicId\": \"g4fae5osfchxenfumw2n\", \"cloudinaryPublicId\": \"kpsd18ktyhfti9tkq0g3\"}, {\"imageUrl\": \"https://res.cloudinary.com/dsyb7ymon/image/upload/v1768376889/kpsd18ktyhfti9tkq0g3.png\", \"canvasData\": {\"canvasWidth\": 319.8793565683646, \"canvasHeight\": 487, \"textElements\": []}, \"backgroundId\": null, \"previewImageUrl\": \"https://res.cloudinary.com/dsyb7ymon/image/upload/v1768377775/uihpyxwt909tdnr0wn7r.png\", \"previewPublicId\": \"uihpyxwt909tdnr0wn7r\", \"cloudinaryPublicId\": null}], \"canvasWidth\": 319.8793565683646, \"customFonts\": [{\"url\": \"https://db.onlinewebfonts.com/c/53f9cfba1dd5f4834ce9e83579f1d5a9?family=Albertus+Nova+W07+Bold\", \"name\": \"ALbertus NOva\"}, {\"url\": \"https://fonts.cdnfonts.com/css/amorisa-free\", \"name\": \"Amorisa Free\"}, {\"url\": \"https://fonts.cdnfonts.com/css/bellefair\", \"name\": \"Bellefair\"}, {\"url\": \"https://fonts.cdnfonts.com/css/alice\", \"name\": \"alice\"}, {\"url\": \"https://fonts.cdnfonts.com/css/amores-free-font\", \"name\": \"amores\"}, {\"url\": \"https://fonts.cdnfonts.com/css/cinzel-decorative\", \"name\": \"cinzel decoretive\"}, {\"url\": \"https://fonts.cdnfonts.com/css/naomis-citadel\", \"name\": \"citadel script\"}, {\"url\": \"https://fonts.cdnfonts.com/css/old-standard-2\", \"name\": \"old standard\"}], \"canvasHeight\": 487, \"textElements\": [{\"id\": \"1\", \"top\": 137.81966698849743, \"fill\": \"#6ea683\", \"left\": 159.9396782841823, \"text\": \"WE INVITE YOU\\nTO CELEBRATE OUR WEDDING\", \"angle\": 0, \"label\": \"Text Field 1\", \"width\": 1232.7500183008317, \"height\": 97.63199999999998, \"locked\": true, \"scaleX\": 0.2136941772086853, \"scaleY\": 0.2136941772086853, \"fontSize\": 40, \"textAlign\": \"center\", \"fontFamily\": \"Arial\", \"fontWeight\": \"bold\", \"topPercent\": 28.299726281005633, \"canvasWidth\": 319.8793565683646, \"leftPercent\": 50, \"canvasHeight\": 487, \"widthPercent\": 82.3533921322264, \"heightPercent\": 4.284063636393913}, {\"id\": \"2\", \"top\": 175.5547634225447, \"fill\": \"#195c60\", \"left\": 159.31958730064386, \"text\": \"Tarun\", \"angle\": 0, \"label\": \"Text Field 2\", \"width\": 250, \"height\": 45.2, \"locked\": false, \"scaleX\": 0.8523973604562101, \"scaleY\": 0.8523973604562101, \"fontSize\": 40, \"textAlign\": \"center\", \"fontFamily\": \"Amorisa Free\", \"fontWeight\": \"bold\", \"topPercent\": 36.04820604159029, \"canvasWidth\": 319.8793565683646, \"leftPercent\": 49.8061484835437, \"canvasHeight\": 487, \"widthPercent\": 66.61865973477065, \"heightPercent\": 7.91136769869008}, {\"id\": \"3\", \"top\": 252.26218282397383, \"fill\": \"#195c60\", \"left\": 154.91687463391384, \"text\": \"Pooja\", \"angle\": 0, \"label\": \"Text Field 3\", \"width\": 250, \"height\": 45.2, \"locked\": false, \"scaleX\": 0.9069104300070152, \"scaleY\": 0.9069104300070152, \"fontSize\": 40, \"textAlign\": \"center\", \"fontFamily\": \"Amorisa Free\", \"fontWeight\": \"bold\", \"topPercent\": 51.799216185620914, \"canvasWidth\": 319.8793565683646, \"leftPercent\": 48.42978187021738, \"canvasHeight\": 487, \"widthPercent\": 70.87909952491654, \"heightPercent\": 8.417320623473735}, {\"id\": \"4\", \"top\": 208.290160164271, \"fill\": \"#6ea683\", \"left\": 169.9227445861231, \"text\": \"&\", \"angle\": 0, \"label\": \"Text Field 4\", \"width\": 250, \"height\": 45.2, \"locked\": false, \"scaleX\": 1, \"scaleY\": 1, \"fontSize\": 40, \"textAlign\": \"center\", \"fontFamily\": \"Amorisa Free\", \"fontWeight\": \"normal\", \"topPercent\": 42.770053421821565, \"canvasWidth\": 319.8793565683646, \"leftPercent\": 53.120884826403994, \"canvasHeight\": 487, \"widthPercent\": 78.15446507144954, \"heightPercent\": 9.281314168377824}, {\"id\": \"5\", \"top\": 290.85429043252805, \"fill\": \"#6ea683\", \"left\": 159.9396782841823, \"text\": \"November 25th, 2028\", \"angle\": 0, \"label\": \"Text Field 5\", \"width\": 445.1907494986312, \"height\": 45.2, \"locked\": false, \"scaleX\": 0.30185016079827687, \"scaleY\": 0.30185016079827687, \"fontSize\": 40, \"textAlign\": \"center\", \"fontFamily\": \"ALbertus NOva\", \"fontWeight\": \"bold\", \"topPercent\": 59.72367360010843, \"canvasWidth\": 319.8793565683646, \"leftPercent\": 50, \"canvasHeight\": 487, \"widthPercent\": 42.009869209345915, \"heightPercent\": 2.8015661741441713}, {\"id\": \"6\", \"top\": 307.9886073597039, \"fill\": \"#6ea683\", \"left\": 159.9396782841823, \"text\": \"Thursday\", \"angle\": 0, \"label\": \"Text Field 6\", \"width\": 250, \"height\": 45.2, \"locked\": false, \"scaleX\": 0.2977422020891621, \"scaleY\": 0.2977422020891621, \"fontSize\": 40, \"textAlign\": \"center\", \"fontFamily\": \"ALbertus NOva\", \"fontWeight\": \"bold\", \"topPercent\": 63.24201383156137, \"canvasWidth\": 319.8793565683646, \"leftPercent\": 50, \"canvasHeight\": 487, \"widthPercent\": 23.269882533473886, \"heightPercent\": 2.763438918774153}, {\"id\": \"7\", \"top\": 328.02651355301117, \"fill\": \"#195c60\", \"left\": 159.9396782841823, \"text\": \"Alwart Motel, Resort\", \"angle\": 0, \"label\": \"Text Field 7\", \"width\": 493.37538719868434, \"height\": 45.2, \"locked\": false, \"scaleX\": 0.271418843198347, \"scaleY\": 0.271418843198347, \"fontSize\": 40, \"textAlign\": \"center\", \"fontFamily\": \"ALbertus NOva\", \"fontWeight\": \"bold\", \"topPercent\": 67.3565736248483, \"canvasWidth\": 319.8793565683646, \"leftPercent\": 50, \"canvasHeight\": 487, \"widthPercent\": 41.863088100648945, \"heightPercent\": 2.5191235549415367}, {\"id\": \"8\", \"top\": 77.47540327454684, \"fill\": \"#000000\", \"left\": 161.63465121632677, \"text\": \"TP\", \"angle\": 0, \"label\": \"Text Field 8\", \"width\": 250, \"height\": 45.2, \"locked\": false, \"scaleX\": 0.2553175775865842, \"scaleY\": 0.2553175775865842, \"fontSize\": 40, \"textAlign\": \"center\", \"fontFamily\": \"Amorisa Free\", \"fontWeight\": \"bold\", \"topPercent\": 15.908707037894626, \"canvasWidth\": 319.8793565683646, \"leftPercent\": 50.52987881128935, \"canvasHeight\": 487, \"widthPercent\": 19.9542086996178, \"heightPercent\": 2.3696826502902675}], \"backgroundImageUrl\": \"https://res.cloudinary.com/dsyb7ymon/image/upload/v1768376889/kpsd18ktyhfti9tkq0g3.png\", \"backgroundCloudinaryPublicId\": \"kpsd18ktyhfti9tkq0g3\"}',1);
/*!40000 ALTER TABLE `ecard_templates` ENABLE KEYS */;
UNLOCK TABLES;

--
-- Table structure for table `order_items`
--

DROP TABLE IF EXISTS `order_items`;
/*!40101 SET @saved_cs_client     = @@character_set_client */;
/*!50503 SET character_set_client = utf8mb4 */;
CREATE TABLE `order_items` (
  `id` bigint NOT NULL AUTO_INCREMENT,
  `order_id` bigint NOT NULL,
  `product_id` bigint NOT NULL,
  `price` decimal(10,2) NOT NULL,
  `quantity` int DEFAULT '1',
  `created_at` timestamp NULL DEFAULT CURRENT_TIMESTAMP,
  PRIMARY KEY (`id`),
  KEY `product_id` (`product_id`),
  KEY `idx_order` (`order_id`),
  CONSTRAINT `order_items_ibfk_1` FOREIGN KEY (`order_id`) REFERENCES `orders` (`id`) ON DELETE CASCADE,
  CONSTRAINT `order_items_ibfk_2` FOREIGN KEY (`product_id`) REFERENCES `products` (`id`) ON DELETE RESTRICT
) ENGINE=InnoDB DEFAULT CHARSET=utf8mb4 COLLATE=utf8mb4_unicode_ci;
/*!40101 SET character_set_client = @saved_cs_client */;

--
-- Dumping data for table `order_items`
--

LOCK TABLES `order_items` WRITE;
/*!40000 ALTER TABLE `order_items` DISABLE KEYS */;
/*!40000 ALTER TABLE `order_items` ENABLE KEYS */;
UNLOCK TABLES;

--
-- Table structure for table `orders`
--

DROP TABLE IF EXISTS `orders`;
/*!40101 SET @saved_cs_client     = @@character_set_client */;
/*!50503 SET character_set_client = utf8mb4 */;
CREATE TABLE `orders` (
  `id` bigint NOT NULL AUTO_INCREMENT,
  `order_number` varchar(50) COLLATE utf8mb4_unicode_ci NOT NULL,
  `user_id` varchar(36) COLLATE utf8mb4_unicode_ci DEFAULT NULL,
  `status` enum('pending','paid','processing','shipped','completed','cancelled','refunded') COLLATE utf8mb4_unicode_ci DEFAULT 'pending',
  `subtotal` decimal(10,2) DEFAULT '0.00',
  `tax` decimal(10,2) DEFAULT '0.00',
  `shipping` decimal(10,2) DEFAULT '0.00',
  `discount` decimal(10,2) DEFAULT '0.00',
  `total` decimal(10,2) NOT NULL,
  `shipping_address` json DEFAULT NULL,
  `billing_address` json DEFAULT NULL,
  `created_at` timestamp NULL DEFAULT CURRENT_TIMESTAMP,
  `updated_at` timestamp NULL DEFAULT CURRENT_TIMESTAMP ON UPDATE CURRENT_TIMESTAMP,
  PRIMARY KEY (`id`),
  UNIQUE KEY `order_number` (`order_number`),
  KEY `idx_user` (`user_id`),
  KEY `idx_status` (`status`),
  KEY `idx_orders_created` (`created_at`),
  CONSTRAINT `orders_ibfk_1` FOREIGN KEY (`user_id`) REFERENCES `users` (`uid`) ON DELETE SET NULL
) ENGINE=InnoDB DEFAULT CHARSET=utf8mb4 COLLATE=utf8mb4_unicode_ci;
/*!40101 SET character_set_client = @saved_cs_client */;

--
-- Dumping data for table `orders`
--

LOCK TABLES `orders` WRITE;
/*!40000 ALTER TABLE `orders` DISABLE KEYS */;
/*!40000 ALTER TABLE `orders` ENABLE KEYS */;
UNLOCK TABLES;

--
-- Table structure for table `payments`
--

DROP TABLE IF EXISTS `payments`;
/*!40101 SET @saved_cs_client     = @@character_set_client */;
/*!50503 SET character_set_client = utf8mb4 */;
CREATE TABLE `payments` (
  `id` bigint NOT NULL AUTO_INCREMENT,
  `order_id` bigint NOT NULL,
  `provider` varchar(50) COLLATE utf8mb4_unicode_ci DEFAULT NULL,
  `provider_reference` varchar(255) COLLATE utf8mb4_unicode_ci DEFAULT NULL,
  `provider_payment_id` varchar(255) COLLATE utf8mb4_unicode_ci DEFAULT NULL,
  `provider_signature` varchar(255) COLLATE utf8mb4_unicode_ci DEFAULT NULL,
  `amount` decimal(10,2) NOT NULL,
  `currency` varchar(10) COLLATE utf8mb4_unicode_ci DEFAULT 'INR',
  `status` enum('pending','success','failed','refunded') COLLATE utf8mb4_unicode_ci DEFAULT 'pending',
  `created_at` timestamp NULL DEFAULT CURRENT_TIMESTAMP,
  PRIMARY KEY (`id`),
  UNIQUE KEY `uq_provider_reference` (`provider_reference`),
  KEY `idx_order` (`order_id`),
  KEY `idx_status` (`status`),
  CONSTRAINT `payments_ibfk_1` FOREIGN KEY (`order_id`) REFERENCES `orders` (`id`) ON DELETE CASCADE
) ENGINE=InnoDB DEFAULT CHARSET=utf8mb4 COLLATE=utf8mb4_unicode_ci;
/*!40101 SET character_set_client = @saved_cs_client */;

--
-- Dumping data for table `payments`
--

LOCK TABLES `payments` WRITE;
/*!40000 ALTER TABLE `payments` DISABLE KEYS */;
/*!40000 ALTER TABLE `payments` ENABLE KEYS */;
UNLOCK TABLES;

--
-- Table structure for table `products`
--

DROP TABLE IF EXISTS `products`;
/*!40101 SET @saved_cs_client     = @@character_set_client */;
/*!50503 SET character_set_client = utf8mb4 */;
CREATE TABLE `products` (
  `id` bigint NOT NULL AUTO_INCREMENT,
  `content_id` bigint DEFAULT NULL,
  `sku` varchar(100) COLLATE utf8mb4_unicode_ci DEFAULT NULL,
  `name` varchar(255) COLLATE utf8mb4_unicode_ci DEFAULT NULL,
  `type` enum('physical','digital') COLLATE utf8mb4_unicode_ci NOT NULL,
  `price` decimal(10,2) NOT NULL,
  `sale_price` decimal(10,2) DEFAULT NULL,
  `is_active` tinyint(1) DEFAULT '1',
  `created_at` timestamp NULL DEFAULT CURRENT_TIMESTAMP,
  PRIMARY KEY (`id`),
  UNIQUE KEY `sku` (`sku`),
  UNIQUE KEY `uq_products_content` (`content_id`),
  CONSTRAINT `products_ibfk_1` FOREIGN KEY (`content_id`) REFERENCES `content_items` (`id`) ON DELETE SET NULL
) ENGINE=InnoDB AUTO_INCREMENT=4 DEFAULT CHARSET=utf8mb4 COLLATE=utf8mb4_unicode_ci;
/*!40101 SET character_set_client = @saved_cs_client */;

--
-- Dumping data for table `products`
--

LOCK TABLES `products` WRITE;
/*!40000 ALTER TABLE `products` DISABLE KEYS */;
INSERT INTO `products` VALUES (1,11,NULL,'italic','digital',4999.00,NULL,1,'2026-01-09 10:06:03'),(2,10,'ecard-multi-card','multi card','digital',500.00,NULL,1,'2026-01-10 04:46:34'),(3,13,'ecard-third-template','third template','digital',3000.00,NULL,1,'2026-01-10 05:02:41');
/*!40000 ALTER TABLE `products` ENABLE KEYS */;
UNLOCK TABLES;

--
-- Table structure for table `shipments`
--

DROP TABLE IF EXISTS `shipments`;
/*!40101 SET @saved_cs_client     = @@character_set_client */;
/*!50503 SET character_set_client = utf8mb4 */;
CREATE TABLE `shipments` (
  `id` bigint NOT NULL AUTO_INCREMENT,
  `order_id` bigint NOT NULL,
  `carrier` varchar(100) COLLATE utf8mb4_unicode_ci DEFAULT NULL,
  `tracking_number` varchar(255) COLLATE utf8mb4_unicode_ci DEFAULT NULL,
  `status` enum('pending','packed','shipped','delivered','returned') COLLATE utf8mb4_unicode_ci DEFAULT 'pending',
  `shipped_at` timestamp NULL DEFAULT NULL,
  `delivered_at` timestamp NULL DEFAULT NULL,
  `created_at` timestamp NULL DEFAULT CURRENT_TIMESTAMP,
  PRIMARY KEY (`id`),
  KEY `order_id` (`order_id`),
  KEY `idx_shipments_status` (`status`),
  CONSTRAINT `shipments_ibfk_1` FOREIGN KEY (`order_id`) REFERENCES `orders` (`id`) ON DELETE CASCADE
) ENGINE=InnoDB DEFAULT CHARSET=utf8mb4 COLLATE=utf8mb4_unicode_ci;
/*!40101 SET character_set_client = @saved_cs_client */;

--
-- Dumping data for table `shipments`
--

LOCK TABLES `shipments` WRITE;
/*!40000 ALTER TABLE `shipments` DISABLE KEYS */;
/*!40000 ALTER TABLE `shipments` ENABLE KEYS */;
UNLOCK TABLES;

--
-- Table structure for table `user_custom_content`
--

DROP TABLE IF EXISTS `user_custom_content`;
/*!40101 SET @saved_cs_client     = @@character_set_client */;
/*!50503 SET character_set_client = utf8mb4 */;
CREATE TABLE `user_custom_content` (
  `id` bigint NOT NULL AUTO_INCREMENT,
  `content_id` bigint NOT NULL,
  `user_id` varchar(36) COLLATE utf8mb4_unicode_ci DEFAULT NULL,
  `custom_data` json NOT NULL,
  `preview_url` text COLLATE utf8mb4_unicode_ci,
  `status` enum('draft','submitted','paid','completed') COLLATE utf8mb4_unicode_ci DEFAULT 'draft',
  `created_at` timestamp NULL DEFAULT CURRENT_TIMESTAMP,
  `order_id` bigint DEFAULT NULL,
  PRIMARY KEY (`id`),
  KEY `idx_content` (`content_id`),
  KEY `idx_user` (`user_id`),
  KEY `idx_ucc_order` (`order_id`),
  KEY `idx_ucc_status` (`status`),
  CONSTRAINT `fk_ucc_order` FOREIGN KEY (`order_id`) REFERENCES `orders` (`id`) ON DELETE SET NULL,
  CONSTRAINT `user_custom_content_ibfk_1` FOREIGN KEY (`content_id`) REFERENCES `content_items` (`id`) ON DELETE CASCADE,
  CONSTRAINT `user_custom_content_ibfk_2` FOREIGN KEY (`user_id`) REFERENCES `users` (`uid`) ON DELETE SET NULL
) ENGINE=InnoDB AUTO_INCREMENT=21 DEFAULT CHARSET=utf8mb4 COLLATE=utf8mb4_unicode_ci;
/*!40101 SET character_set_client = @saved_cs_client */;

--
-- Dumping data for table `user_custom_content`
--

LOCK TABLES `user_custom_content` WRITE;
/*!40000 ALTER TABLE `user_custom_content` DISABLE KEYS */;
INSERT INTO `user_custom_content` VALUES (8,11,NULL,'{\"requester_name\": \"Admin\", \"requester_email\": \"admin@gmail.com\", \"requester_phone\": null}',NULL,'submitted','2026-01-10 09:45:29',NULL),(9,11,'a79ada1a-7d0e-47c2-8ae9-2ba81d73ca79','{\"card_0_field_1\": \"jai\", \"card_0_field_2\": \"ji\", \"requester_name\": \"jai singh\", \"requester_email\": \"jai@gmail.com\", \"requester_phone\": \"9461661537\"}',NULL,'submitted','2026-01-10 09:47:42',NULL),(10,11,'a79ada1a-7d0e-47c2-8ae9-2ba81d73ca79','{\"requester_name\": \"jai singh\", \"requester_email\": \"jai@gmail.com\", \"requester_phone\": \"9461661537\"}',NULL,'submitted','2026-01-10 09:53:21',NULL),(11,11,'a79ada1a-7d0e-47c2-8ae9-2ba81d73ca79','{\"card_0_field_1\": \"jai\", \"card_0_field_2\": \"...\", \"card_1_field_1\": \"ajmer\", \"card_1_field_2\": \"2024-04-24\", \"requester_name\": \"jai singh\", \"requester_email\": \"jai@gmail.com\", \"requester_phone\": \"9461661537\"}',NULL,'draft','2026-01-10 09:55:51',NULL),(12,13,'a79ada1a-7d0e-47c2-8ae9-2ba81d73ca79','{\"color\": \"#FFFFFF\", \"canvasWidth\": 445.3333333333333, \"customFonts\": [{\"url\": \"https://fonts.cdnfonts.com/css/bellefair\", \"name\": \"Bellefair\"}, {\"url\": \"https://fonts.cdnfonts.com/css/alice\", \"name\": \"alice\"}, {\"url\": \"https://fonts.cdnfonts.com/css/cinzel-decorative\", \"name\": \"cinzel decoretive\"}, {\"url\": \"https://fonts.cdnfonts.com/css/naomis-citadel\", \"name\": \"citadel script\"}, {\"url\": \"https://fonts.cdnfonts.com/css/old-standard-2\", \"name\": \"old standard\"}], \"public_slug\": \"card-1768040262059-gbc2q9wvk\", \"canvasHeight\": 668, \"textElements\": [{\"id\": \"1\", \"top\": 298.90673178605925, \"fill\": \"#000000\", \"left\": 227.26662250237203, \"text\": \"Double click to edit\", \"angle\": 0, \"label\": \"Text Field 1\", \"width\": 302.45601074218746, \"height\": 318.88599999999997, \"locked\": false, \"scaleX\": 0.31988406539074143, \"scaleY\": 0.31988406539074143, \"fontSize\": 85, \"textAlign\": \"center\", \"fontFamily\": \"alice\", \"fontWeight\": \"normal\", \"topPercent\": 44.74651673444001, \"canvasWidth\": 445.3333333333333, \"leftPercent\": 51.032924214604506, \"canvasHeight\": 668, \"widthPercent\": 21.72549213729267, \"heightPercent\": 15.270441628172447}], \"backgroundImageUrl\": \"https://res.cloudinary.com/dsyb7ymon/image/upload/v1768021279/j3o28fx0kyeivuv7qo5g.jpg\", \"backgroundCloudinaryPublicId\": \"j3o28fx0kyeivuv7qo5g\"}','https://res.cloudinary.com/dsyb7ymon/image/upload/c_scale,w_600/v1768040261/jkjqr2kt3qe7bifgmbvk.png','draft','2026-01-10 10:17:42',NULL),(13,13,'a79ada1a-7d0e-47c2-8ae9-2ba81d73ca79','{\"color\": \"#FFFFFF\", \"canvasWidth\": 445.3333333333333, \"customFonts\": [{\"url\": \"https://fonts.cdnfonts.com/css/bellefair\", \"name\": \"Bellefair\"}, {\"url\": \"https://fonts.cdnfonts.com/css/alice\", \"name\": \"alice\"}, {\"url\": \"https://fonts.cdnfonts.com/css/cinzel-decorative\", \"name\": \"cinzel decoretive\"}, {\"url\": \"https://fonts.cdnfonts.com/css/naomis-citadel\", \"name\": \"citadel script\"}, {\"url\": \"https://fonts.cdnfonts.com/css/old-standard-2\", \"name\": \"old standard\"}], \"public_slug\": \"card-1768040959250-52f6k0e\", \"canvasHeight\": 668, \"textElements\": [{\"id\": \"1\", \"top\": 298.90673178605925, \"fill\": \"#000000\", \"left\": 227.26662250237203, \"text\": \"Double click to edit\", \"angle\": 0, \"label\": \"Text Field 1\", \"width\": 302.45601074218746, \"height\": 318.88599999999997, \"locked\": false, \"scaleX\": 0.31988406539074143, \"scaleY\": 0.31988406539074143, \"fontSize\": 85, \"textAlign\": \"center\", \"fontFamily\": \"alice\", \"fontWeight\": \"normal\", \"topPercent\": 44.74651673444001, \"canvasWidth\": 445.3333333333333, \"leftPercent\": 51.032924214604506, \"canvasHeight\": 668, \"widthPercent\": 21.72549213729267, \"heightPercent\": 15.270441628172447}], \"backgroundImageUrl\": \"https://res.cloudinary.com/dsyb7ymon/image/upload/v1768021279/j3o28fx0kyeivuv7qo5g.jpg\", \"backgroundCloudinaryPublicId\": \"j3o28fx0kyeivuv7qo5g\"}','https://res.cloudinary.com/dsyb7ymon/image/upload/c_scale,w_600/v1768040958/n7pstwabygwwjfcbjokq.png','draft','2026-01-10 10:29:19',NULL),(14,17,'a7e4cf29-1dcf-40e6-a039-e089d4a53489','{\"color\": \"#FFFFFF\", \"canvasWidth\": 273.9375, \"customFonts\": [{\"url\": \"https://fonts.cdnfonts.com/css/amorisa-free\", \"name\": \"Amorisa Free\"}, {\"url\": \"https://fonts.cdnfonts.com/css/bellefair\", \"name\": \"Bellefair\"}, {\"url\": \"https://fonts.cdnfonts.com/css/alice\", \"name\": \"alice\"}, {\"url\": \"https://fonts.cdnfonts.com/css/amores-free-font\", \"name\": \"amores\"}, {\"url\": \"https://fonts.cdnfonts.com/css/cinzel-decorative\", \"name\": \"cinzel decoretive\"}, {\"url\": \"https://fonts.cdnfonts.com/css/naomis-citadel\", \"name\": \"citadel script\"}, {\"url\": \"https://fonts.cdnfonts.com/css/old-standard-2\", \"name\": \"old standard\"}], \"public_slug\": \"card-1768376035175-00v546s\", \"canvasHeight\": 487, \"textElements\": [{\"id\": \"1\", \"top\": 84.06842380731715, \"fill\": \"#b33b49\", \"left\": 136.96875, \"text\": \"WARDROBE PLANNER\", \"angle\": 0, \"label\": \"Text Field 1\", \"width\": 491.5307320806472, \"height\": 45.2, \"locked\": false, \"scaleX\": 0.42166354112333815, \"scaleY\": 0.42166354112333815, \"fontSize\": 40, \"textAlign\": \"center\", \"fontFamily\": \"amores\", \"fontWeight\": \"normal\", \"topPercent\": 17.262510022036377, \"canvasWidth\": 273.9375, \"leftPercent\": 50, \"canvasHeight\": 487, \"widthPercent\": 75.65980891994433, \"heightPercent\": 3.913591798516403}, {\"id\": \"2\", \"top\": 108.59017951016484, \"fill\": \"#465b32\", \"left\": 136.96875, \"text\": \"Juliana weds Jonathan \", \"angle\": 0, \"label\": \"Text Field 2\", \"width\": 391.3427803064509, \"height\": 45.2, \"locked\": false, \"scaleX\": 0.4546937792478933, \"scaleY\": 0.4546937792478933, \"fontSize\": 40, \"textAlign\": \"center\", \"fontFamily\": \"Amorisa Free\", \"fontWeight\": \"normal\", \"topPercent\": 22.297778133504075, \"canvasWidth\": 273.9375, \"leftPercent\": 50, \"canvasHeight\": 487, \"widthPercent\": 64.9568342263904, \"heightPercent\": 4.22015581560673}, {\"id\": \"3\", \"top\": 209.3960178793404, \"fill\": \"#5f6a4f\", \"left\": 78.42332451955872, \"text\": \"28th June, 2026\", \"angle\": 0, \"label\": \"Text Field 3\", \"width\": 360.33275161866754, \"height\": 45.2, \"locked\": false, \"scaleX\": 0.2253217539141937, \"scaleY\": 0.2253217539141937, \"fontSize\": 40, \"textAlign\": \"center\", \"fontFamily\": \"Bellefair\", \"fontWeight\": \"normal\", \"topPercent\": 42.99712892799597, \"canvasWidth\": 273.9375, \"leftPercent\": 28.62818143538534, \"canvasHeight\": 487, \"widthPercent\": 29.638442194823888, \"heightPercent\": 2.0912819870475468}, {\"id\": \"4\", \"top\": 228.34746137129855, \"fill\": \"#5f6a4f\", \"left\": 77.11954544503963, \"text\": \"Mehendi\\nMulti-coloured floral attire\", \"angle\": 0, \"label\": \"Text Field 4\", \"width\": 520.7948785510212, \"height\": 97.63199999999998, \"locked\": false, \"scaleX\": 0.18129027503569137, \"scaleY\": 0.1812902750356913, \"fontSize\": 40, \"textAlign\": \"center\", \"fontFamily\": \"Bellefair\", \"fontWeight\": \"normal\", \"topPercent\": 46.88859576412701, \"canvasWidth\": 273.9375, \"leftPercent\": 28.15224109332955, \"canvasHeight\": 487, \"widthPercent\": 34.465908015402825, \"heightPercent\": 3.634441916280207}, {\"id\": \"5\", \"top\": 209.29112255818885, \"fill\": \"#5f6a4f\", \"left\": 199.1326719690281, \"text\": \"29th June, 2026\", \"angle\": 0, \"label\": \"Text Field 5\", \"width\": 383.0330943703647, \"height\": 45.2, \"locked\": false, \"scaleX\": 0.23197608149209412, \"scaleY\": 0.23197608149209412, \"fontSize\": 40, \"textAlign\": \"center\", \"fontFamily\": \"Bellefair\", \"fontWeight\": \"normal\", \"topPercent\": 42.975589847677384, \"canvasWidth\": 273.9375, \"leftPercent\": 72.69273902588294, \"canvasHeight\": 487, \"widthPercent\": 32.43605432400774, \"heightPercent\": 2.1530428918773414}, {\"id\": \"6\", \"top\": 228.01653240493985, \"fill\": \"#5f6a4f\", \"left\": 196.3735582778674, \"text\": \"Sangeet\\nDazzling Shimmer\", \"angle\": 0, \"label\": \"Text Field 6\", \"width\": 416.1043038131688, \"height\": 97.63199999999998, \"locked\": false, \"scaleX\": 0.19160008378284493, \"scaleY\": 0.19160008378284493, \"fontSize\": 40, \"textAlign\": \"center\", \"fontFamily\": \"Bellefair\", \"fontWeight\": \"normal\", \"topPercent\": 46.82064320429976, \"canvasWidth\": 273.9375, \"leftPercent\": 71.68553348039877, \"canvasHeight\": 487, \"widthPercent\": 29.103580003835, \"heightPercent\": 3.841129236116368}, {\"id\": \"7\", \"top\": 319.815247461253, \"fill\": \"#5f6a4f\", \"left\": 78.32914647369783, \"text\": \"30th June, 2026\", \"angle\": 0, \"label\": \"Text Field 7\", \"width\": 303.46831998274587, \"height\": 45.2, \"locked\": false, \"scaleX\": 0.21251760600420627, \"scaleY\": 0.21251760600420627, \"fontSize\": 40, \"textAlign\": \"center\", \"fontFamily\": \"Bellefair\", \"fontWeight\": \"normal\", \"topPercent\": 65.67048202489795, \"canvasWidth\": 273.9375, \"leftPercent\": 28.59380204378657, \"canvasHeight\": 487, \"widthPercent\": 23.542728126252, \"heightPercent\": 1.9724426676365752}, {\"id\": \"8\", \"top\": 339.5289800457377, \"fill\": \"#5f6a4f\", \"left\": 76.55237654078807, \"text\": \"Haldi\\nShades of Yellow\", \"angle\": 0, \"label\": \"Text Field 8\", \"width\": 384.9426991280307, \"height\": 97.63199999999998, \"locked\": false, \"scaleX\": 0.1805284523199737, \"scaleY\": 0.1805284523199737, \"fontSize\": 40, \"textAlign\": \"center\", \"fontFamily\": \"Bellefair\", \"fontWeight\": \"normal\", \"topPercent\": 69.71847639542868, \"canvasWidth\": 273.9375, \"leftPercent\": 27.94519791587062, \"canvasHeight\": 487, \"widthPercent\": 25.3682353476456, \"heightPercent\": 3.6191691697954145}, {\"id\": \"9\", \"top\": 326.9006829015774, \"fill\": \"#5f6a4f\", \"left\": 204.5995849836036, \"text\": \"30th June, 2026\", \"angle\": 0, \"label\": \"Text Field 9\", \"width\": 321.4286211463325, \"height\": 45.2, \"locked\": false, \"scaleX\": 0.20150766333903697, \"scaleY\": 0.20150766333903697, \"fontSize\": 40, \"textAlign\": \"center\", \"fontFamily\": \"Bellefair\", \"fontWeight\": \"normal\", \"topPercent\": 67.1253968997079, \"canvasWidth\": 273.9375, \"leftPercent\": 74.68841797256805, \"canvasHeight\": 487, \"widthPercent\": 23.644200000907517, \"heightPercent\": 1.870255930785312}, {\"id\": \"10\", \"top\": 346.0551150683525, \"fill\": \"#5f6a4f\", \"left\": 203.64234959186243, \"text\": \"Wedding\\nTraditional ethnic wear\", \"angle\": 0, \"label\": \"Text Field 10\", \"width\": 445.0459345473719, \"height\": 97.63199999999998, \"locked\": false, \"scaleX\": 0.1771613039875393, \"scaleY\": 0.1771613039875393, \"fontSize\": 40, \"textAlign\": \"center\", \"fontFamily\": \"Bellefair\", \"fontWeight\": \"normal\", \"topPercent\": 71.0585451885734, \"canvasWidth\": 273.9375, \"leftPercent\": 74.33898228313481, \"canvasHeight\": 487, \"widthPercent\": 28.78208281040948, \"heightPercent\": 3.551665796901731}, {\"id\": \"11\", \"top\": 428.7902278597013, \"fill\": \"#5f6a4f\", \"left\": 136.96875, \"text\": \"1st July, 2026\", \"angle\": 0, \"label\": \"Text Field 11\", \"width\": 250, \"height\": 45.2, \"locked\": false, \"scaleX\": 0.21984594944658253, \"scaleY\": 0.2343018657379401, \"fontSize\": 40, \"textAlign\": \"center\", \"fontFamily\": \"Bellefair\", \"fontWeight\": \"normal\", \"topPercent\": 88.04727471451771, \"canvasWidth\": 273.9375, \"leftPercent\": 50, \"canvasHeight\": 487, \"widthPercent\": 20.063513524671, \"heightPercent\": 2.1746292261509015}, {\"id\": \"12\", \"top\": 449.1713697841861, \"fill\": \"#5f6a4f\", \"left\": 136.96875, \"text\": \"Reception\\nAlwar Motel And Resort Alwar\", \"angle\": 0, \"label\": \"Text Field 12\", \"width\": 637.4105335553725, \"height\": 97.63199999999998, \"locked\": false, \"scaleX\": 0.19701290609713837, \"scaleY\": 0.19701290609713837, \"fontSize\": 40, \"textAlign\": \"center\", \"fontFamily\": \"Bellefair\", \"fontWeight\": \"normal\", \"topPercent\": 92.23231412406284, \"canvasWidth\": 273.9375, \"leftPercent\": 50, \"canvasHeight\": 487, \"widthPercent\": 45.8418805722734, \"heightPercent\": 3.949643541699345}], \"backgroundImageUrl\": \"https://res.cloudinary.com/dsyb7ymon/image/upload/v1768370501/lbdmsodvfgjlagetriuo.png\"}','https://res.cloudinary.com/dsyb7ymon/image/upload/c_scale,w_600/v1768376034/cqaho1df8ackoerqbwmb.png','draft','2026-01-14 07:33:55',NULL),(15,21,'a7e4cf29-1dcf-40e6-a039-e089d4a53489','{\"pages\": [{\"imageUrl\": \"https://res.cloudinary.com/dsyb7ymon/image/upload/v1768376889/kpsd18ktyhfti9tkq0g3.png\", \"canvasData\": {\"canvasWidth\": 319.8793565683646, \"canvasHeight\": 487, \"textElements\": [{\"id\": \"1\", \"top\": 137.81966698849743, \"fill\": \"#6ea683\", \"left\": 159.9396782841823, \"text\": \"WE INVITE YOU\\nTO CELEBRATE OUR WEDDING\", \"angle\": 0, \"label\": \"Text Field 1\", \"width\": 1232.7500183008317, \"height\": 97.63199999999998, \"locked\": true, \"scaleX\": 0.2136941772086853, \"scaleY\": 0.2136941772086853, \"fontSize\": 40, \"textAlign\": \"center\", \"fontFamily\": \"Arial\", \"fontWeight\": \"bold\", \"topPercent\": 28.299726281005633, \"canvasWidth\": 319.8793565683646, \"leftPercent\": 50, \"canvasHeight\": 487, \"widthPercent\": 82.3533921322264, \"heightPercent\": 4.284063636393913}, {\"id\": \"2\", \"top\": 175.5547634225447, \"fill\": \"#195c60\", \"left\": 159.31958730064386, \"text\": \"Shyam\", \"angle\": 0, \"label\": \"Text Field 2\", \"width\": 250, \"height\": 45.2, \"locked\": false, \"scaleX\": 0.8523973604562101, \"scaleY\": 0.8523973604562101, \"fontSize\": 40, \"textAlign\": \"center\", \"fontFamily\": \"Amorisa Free\", \"fontWeight\": \"bold\", \"topPercent\": 36.04820604159029, \"canvasWidth\": 319.8793565683646, \"leftPercent\": 49.8061484835437, \"canvasHeight\": 487, \"widthPercent\": 66.61865973477065, \"heightPercent\": 7.91136769869008}, {\"id\": \"3\", \"top\": 252.26218282397383, \"fill\": \"#195c60\", \"left\": 154.91687463391384, \"text\": \"Tanisha\", \"angle\": 0, \"label\": \"Text Field 3\", \"width\": 250, \"height\": 45.2, \"locked\": false, \"scaleX\": 0.9069104300070152, \"scaleY\": 0.9069104300070152, \"fontSize\": 40, \"textAlign\": \"center\", \"fontFamily\": \"Amorisa Free\", \"fontWeight\": \"bold\", \"topPercent\": 51.799216185620914, \"canvasWidth\": 319.8793565683646, \"leftPercent\": 48.42978187021738, \"canvasHeight\": 487, \"widthPercent\": 70.87909952491654, \"heightPercent\": 8.417320623473735}, {\"id\": \"4\", \"top\": 208.290160164271, \"fill\": \"#6ea683\", \"left\": 169.9227445861231, \"text\": \"&\", \"angle\": 0, \"label\": \"Text Field 4\", \"width\": 250, \"height\": 45.2, \"locked\": false, \"scaleX\": 1, \"scaleY\": 1, \"fontSize\": 40, \"textAlign\": \"center\", \"fontFamily\": \"Amorisa Free\", \"fontWeight\": \"normal\", \"topPercent\": 42.770053421821565, \"canvasWidth\": 319.8793565683646, \"leftPercent\": 53.120884826403994, \"canvasHeight\": 487, \"widthPercent\": 78.15446507144954, \"heightPercent\": 9.281314168377824}, {\"id\": \"5\", \"top\": 290.85429043252805, \"fill\": \"#6ea683\", \"left\": 159.9396782841823, \"text\": \"November 25th, 2028\", \"angle\": 0, \"label\": \"Text Field 5\", \"width\": 445.1907494986312, \"height\": 45.2, \"locked\": false, \"scaleX\": 0.30185016079827687, \"scaleY\": 0.30185016079827687, \"fontSize\": 40, \"textAlign\": \"center\", \"fontFamily\": \"ALbertus NOva\", \"fontWeight\": \"bold\", \"topPercent\": 59.72367360010843, \"canvasWidth\": 319.8793565683646, \"leftPercent\": 50, \"canvasHeight\": 487, \"widthPercent\": 42.009869209345915, \"heightPercent\": 2.8015661741441713}, {\"id\": \"6\", \"top\": 307.9886073597039, \"fill\": \"#6ea683\", \"left\": 159.9396782841823, \"text\": \"Thursday\", \"angle\": 0, \"label\": \"Text Field 6\", \"width\": 250, \"height\": 45.2, \"locked\": false, \"scaleX\": 0.2977422020891621, \"scaleY\": 0.2977422020891621, \"fontSize\": 40, \"textAlign\": \"center\", \"fontFamily\": \"ALbertus NOva\", \"fontWeight\": \"bold\", \"topPercent\": 63.24201383156137, \"canvasWidth\": 319.8793565683646, \"leftPercent\": 50, \"canvasHeight\": 487, \"widthPercent\": 23.269882533473886, \"heightPercent\": 2.763438918774153}, {\"id\": \"7\", \"top\": 328.02651355301117, \"fill\": \"#195c60\", \"left\": 159.9396782841823, \"text\": \"Alwart Motel, Resort\", \"angle\": 0, \"label\": \"Text Field 7\", \"width\": 493.37538719868434, \"height\": 45.2, \"locked\": false, \"scaleX\": 0.271418843198347, \"scaleY\": 0.271418843198347, \"fontSize\": 40, \"textAlign\": \"center\", \"fontFamily\": \"ALbertus NOva\", \"fontWeight\": \"bold\", \"topPercent\": 67.3565736248483, \"canvasWidth\": 319.8793565683646, \"leftPercent\": 50, \"canvasHeight\": 487, \"widthPercent\": 41.863088100648945, \"heightPercent\": 2.5191235549415367}, {\"id\": \"8\", \"top\": 77.47540327454684, \"fill\": \"#000000\", \"left\": 161.63465121632677, \"text\": \"TP\", \"angle\": 0, \"label\": \"Text Field 8\", \"width\": 250, \"height\": 45.2, \"locked\": false, \"scaleX\": 0.2553175775865842, \"scaleY\": 0.2553175775865842, \"fontSize\": 40, \"textAlign\": \"center\", \"fontFamily\": \"Amorisa Free\", \"fontWeight\": \"bold\", \"topPercent\": 15.908707037894626, \"canvasWidth\": 319.8793565683646, \"leftPercent\": 50.52987881128935, \"canvasHeight\": 487, \"widthPercent\": 19.9542086996178, \"heightPercent\": 2.3696826502902675}]}, \"backgroundId\": null, \"previewImageUrl\": \"https://res.cloudinary.com/dsyb7ymon/image/upload/v1768377825/g4fae5osfchxenfumw2n.png\", \"previewPublicId\": \"g4fae5osfchxenfumw2n\", \"cloudinaryPublicId\": \"kpsd18ktyhfti9tkq0g3\"}, {\"imageUrl\": \"https://res.cloudinary.com/dsyb7ymon/image/upload/v1768376889/kpsd18ktyhfti9tkq0g3.png\", \"canvasData\": {\"canvasWidth\": 319.8793565683646, \"canvasHeight\": 487, \"textElements\": []}, \"backgroundId\": null, \"previewImageUrl\": \"https://res.cloudinary.com/dsyb7ymon/image/upload/v1768377775/uihpyxwt909tdnr0wn7r.png\", \"previewPublicId\": \"uihpyxwt909tdnr0wn7r\", \"cloudinaryPublicId\": null}], \"canvasWidth\": 319.8793565683646, \"public_slug\": \"card-1768384682637-x1q4n3c\", \"canvasHeight\": 487, \"is_multipage\": true, \"textElements\": [{\"id\": \"1\", \"top\": 137.81966698849743, \"fill\": \"#6ea683\", \"left\": 159.9396782841823, \"text\": \"WE INVITE YOU\\nTO CELEBRATE OUR WEDDING\", \"angle\": 0, \"label\": \"Text Field 1\", \"width\": 1232.7500183008317, \"height\": 97.63199999999998, \"locked\": true, \"scaleX\": 0.2136941772086853, \"scaleY\": 0.2136941772086853, \"fontSize\": 40, \"textAlign\": \"center\", \"fontFamily\": \"Arial\", \"fontWeight\": \"bold\", \"topPercent\": 28.299726281005633, \"canvasWidth\": 319.8793565683646, \"leftPercent\": 50, \"canvasHeight\": 487, \"widthPercent\": 82.3533921322264, \"heightPercent\": 4.284063636393913}, {\"id\": \"2\", \"top\": 175.5547634225447, \"fill\": \"#195c60\", \"left\": 159.31958730064386, \"text\": \"Tarun\", \"angle\": 0, \"label\": \"Text Field 2\", \"width\": 250, \"height\": 45.2, \"locked\": false, \"scaleX\": 0.8523973604562101, \"scaleY\": 0.8523973604562101, \"fontSize\": 40, \"textAlign\": \"center\", \"fontFamily\": \"Amorisa Free\", \"fontWeight\": \"bold\", \"topPercent\": 36.04820604159029, \"canvasWidth\": 319.8793565683646, \"leftPercent\": 49.8061484835437, \"canvasHeight\": 487, \"widthPercent\": 66.61865973477065, \"heightPercent\": 7.91136769869008}, {\"id\": \"3\", \"top\": 252.26218282397383, \"fill\": \"#195c60\", \"left\": 154.91687463391384, \"text\": \"Pooja\", \"angle\": 0, \"label\": \"Text Field 3\", \"width\": 250, \"height\": 45.2, \"locked\": false, \"scaleX\": 0.9069104300070152, \"scaleY\": 0.9069104300070152, \"fontSize\": 40, \"textAlign\": \"center\", \"fontFamily\": \"Amorisa Free\", \"fontWeight\": \"bold\", \"topPercent\": 51.799216185620914, \"canvasWidth\": 319.8793565683646, \"leftPercent\": 48.42978187021738, \"canvasHeight\": 487, \"widthPercent\": 70.87909952491654, \"heightPercent\": 8.417320623473735}, {\"id\": \"4\", \"top\": 208.290160164271, \"fill\": \"#6ea683\", \"left\": 169.9227445861231, \"text\": \"&\", \"angle\": 0, \"label\": \"Text Field 4\", \"width\": 250, \"height\": 45.2, \"locked\": false, \"scaleX\": 1, \"scaleY\": 1, \"fontSize\": 40, \"textAlign\": \"center\", \"fontFamily\": \"Amorisa Free\", \"fontWeight\": \"normal\", \"topPercent\": 42.770053421821565, \"canvasWidth\": 319.8793565683646, \"leftPercent\": 53.120884826403994, \"canvasHeight\": 487, \"widthPercent\": 78.15446507144954, \"heightPercent\": 9.281314168377824}, {\"id\": \"5\", \"top\": 290.85429043252805, \"fill\": \"#6ea683\", \"left\": 159.9396782841823, \"text\": \"November 25th, 2028\", \"angle\": 0, \"label\": \"Text Field 5\", \"width\": 445.1907494986312, \"height\": 45.2, \"locked\": false, \"scaleX\": 0.30185016079827687, \"scaleY\": 0.30185016079827687, \"fontSize\": 40, \"textAlign\": \"center\", \"fontFamily\": \"ALbertus NOva\", \"fontWeight\": \"bold\", \"topPercent\": 59.72367360010843, \"canvasWidth\": 319.8793565683646, \"leftPercent\": 50, \"canvasHeight\": 487, \"widthPercent\": 42.009869209345915, \"heightPercent\": 2.8015661741441713}, {\"id\": \"6\", \"top\": 307.9886073597039, \"fill\": \"#6ea683\", \"left\": 159.9396782841823, \"text\": \"Thursday\", \"angle\": 0, \"label\": \"Text Field 6\", \"width\": 250, \"height\": 45.2, \"locked\": false, \"scaleX\": 0.2977422020891621, \"scaleY\": 0.2977422020891621, \"fontSize\": 40, \"textAlign\": \"center\", \"fontFamily\": \"ALbertus NOva\", \"fontWeight\": \"bold\", \"topPercent\": 63.24201383156137, \"canvasWidth\": 319.8793565683646, \"leftPercent\": 50, \"canvasHeight\": 487, \"widthPercent\": 23.269882533473886, \"heightPercent\": 2.763438918774153}, {\"id\": \"7\", \"top\": 328.02651355301117, \"fill\": \"#195c60\", \"left\": 159.9396782841823, \"text\": \"Alwart Motel, Resort\", \"angle\": 0, \"label\": \"Text Field 7\", \"width\": 493.37538719868434, \"height\": 45.2, \"locked\": false, \"scaleX\": 0.271418843198347, \"scaleY\": 0.271418843198347, \"fontSize\": 40, \"textAlign\": \"center\", \"fontFamily\": \"ALbertus NOva\", \"fontWeight\": \"bold\", \"topPercent\": 67.3565736248483, \"canvasWidth\": 319.8793565683646, \"leftPercent\": 50, \"canvasHeight\": 487, \"widthPercent\": 41.863088100648945, \"heightPercent\": 2.5191235549415367}, {\"id\": \"8\", \"top\": 77.47540327454684, \"fill\": \"#000000\", \"left\": 161.63465121632677, \"text\": \"TP\", \"angle\": 0, \"label\": \"Text Field 8\", \"width\": 250, \"height\": 45.2, \"locked\": false, \"scaleX\": 0.2553175775865842, \"scaleY\": 0.2553175775865842, \"fontSize\": 40, \"textAlign\": \"center\", \"fontFamily\": \"Amorisa Free\", \"fontWeight\": \"bold\", \"topPercent\": 15.908707037894626, \"canvasWidth\": 319.8793565683646, \"leftPercent\": 50.52987881128935, \"canvasHeight\": 487, \"widthPercent\": 19.9542086996178, \"heightPercent\": 2.3696826502902675}]}','','draft','2026-01-14 09:58:02',NULL),(16,21,'a7e4cf29-1dcf-40e6-a039-e089d4a53489','{\"pages\": [{\"imageUrl\": \"https://res.cloudinary.com/dsyb7ymon/image/upload/v1768376889/kpsd18ktyhfti9tkq0g3.png\", \"canvasData\": {\"canvasWidth\": 319.8793565683646, \"canvasHeight\": 487, \"textElements\": [{\"id\": \"1\", \"top\": 137.81966698849743, \"fill\": \"#6ea683\", \"left\": 159.9396782841823, \"text\": \"WE INVITE YOU\\nTO CELEBRATE OUR WEDDING\", \"angle\": 0, \"label\": \"Text Field 1\", \"width\": 1232.7500183008317, \"height\": 97.63199999999998, \"locked\": true, \"scaleX\": 0.2136941772086853, \"scaleY\": 0.2136941772086853, \"fontSize\": 40, \"textAlign\": \"center\", \"fontFamily\": \"Arial\", \"fontWeight\": \"bold\", \"topPercent\": 28.299726281005633, \"canvasWidth\": 319.8793565683646, \"leftPercent\": 50, \"canvasHeight\": 487, \"widthPercent\": 82.3533921322264, \"heightPercent\": 4.284063636393913}, {\"id\": \"2\", \"top\": 175.5547634225447, \"fill\": \"#195c60\", \"left\": 159.31958730064386, \"text\": \"Tarun\", \"angle\": 0, \"label\": \"Text Field 2\", \"width\": 250, \"height\": 45.2, \"locked\": false, \"scaleX\": 0.8523973604562101, \"scaleY\": 0.8523973604562101, \"fontSize\": 40, \"textAlign\": \"center\", \"fontFamily\": \"Amorisa Free\", \"fontWeight\": \"bold\", \"topPercent\": 36.04820604159029, \"canvasWidth\": 319.8793565683646, \"leftPercent\": 49.8061484835437, \"canvasHeight\": 487, \"widthPercent\": 66.61865973477065, \"heightPercent\": 7.91136769869008}, {\"id\": \"3\", \"top\": 252.26218282397383, \"fill\": \"#195c60\", \"left\": 154.91687463391384, \"text\": \"Pooja\", \"angle\": 0, \"label\": \"Text Field 3\", \"width\": 250, \"height\": 45.2, \"locked\": false, \"scaleX\": 0.9069104300070152, \"scaleY\": 0.9069104300070152, \"fontSize\": 40, \"textAlign\": \"center\", \"fontFamily\": \"Amorisa Free\", \"fontWeight\": \"bold\", \"topPercent\": 51.799216185620914, \"canvasWidth\": 319.8793565683646, \"leftPercent\": 48.42978187021738, \"canvasHeight\": 487, \"widthPercent\": 70.87909952491654, \"heightPercent\": 8.417320623473735}, {\"id\": \"4\", \"top\": 208.290160164271, \"fill\": \"#6ea683\", \"left\": 169.9227445861231, \"text\": \"&\", \"angle\": 0, \"label\": \"Text Field 4\", \"width\": 250, \"height\": 45.2, \"locked\": false, \"scaleX\": 1, \"scaleY\": 1, \"fontSize\": 40, \"textAlign\": \"center\", \"fontFamily\": \"Amorisa Free\", \"fontWeight\": \"normal\", \"topPercent\": 42.770053421821565, \"canvasWidth\": 319.8793565683646, \"leftPercent\": 53.120884826403994, \"canvasHeight\": 487, \"widthPercent\": 78.15446507144954, \"heightPercent\": 9.281314168377824}, {\"id\": \"5\", \"top\": 290.85429043252805, \"fill\": \"#6ea683\", \"left\": 159.9396782841823, \"text\": \"November 25th, 2028\", \"angle\": 0, \"label\": \"Text Field 5\", \"width\": 445.1907494986312, \"height\": 45.2, \"locked\": false, \"scaleX\": 0.30185016079827687, \"scaleY\": 0.30185016079827687, \"fontSize\": 40, \"textAlign\": \"center\", \"fontFamily\": \"ALbertus NOva\", \"fontWeight\": \"bold\", \"topPercent\": 59.72367360010843, \"canvasWidth\": 319.8793565683646, \"leftPercent\": 50, \"canvasHeight\": 487, \"widthPercent\": 42.009869209345915, \"heightPercent\": 2.8015661741441713}, {\"id\": \"6\", \"top\": 307.9886073597039, \"fill\": \"#6ea683\", \"left\": 159.9396782841823, \"text\": \"Thursday\", \"angle\": 0, \"label\": \"Text Field 6\", \"width\": 250, \"height\": 45.2, \"locked\": false, \"scaleX\": 0.2977422020891621, \"scaleY\": 0.2977422020891621, \"fontSize\": 40, \"textAlign\": \"center\", \"fontFamily\": \"ALbertus NOva\", \"fontWeight\": \"bold\", \"topPercent\": 63.24201383156137, \"canvasWidth\": 319.8793565683646, \"leftPercent\": 50, \"canvasHeight\": 487, \"widthPercent\": 23.269882533473886, \"heightPercent\": 2.763438918774153}, {\"id\": \"7\", \"top\": 328.02651355301117, \"fill\": \"#195c60\", \"left\": 159.9396782841823, \"text\": \"Alwart Motel, Resort\", \"angle\": 0, \"label\": \"Text Field 7\", \"width\": 493.37538719868434, \"height\": 45.2, \"locked\": false, \"scaleX\": 0.271418843198347, \"scaleY\": 0.271418843198347, \"fontSize\": 40, \"textAlign\": \"center\", \"fontFamily\": \"ALbertus NOva\", \"fontWeight\": \"bold\", \"topPercent\": 67.3565736248483, \"canvasWidth\": 319.8793565683646, \"leftPercent\": 50, \"canvasHeight\": 487, \"widthPercent\": 41.863088100648945, \"heightPercent\": 2.5191235549415367}, {\"id\": \"8\", \"top\": 77.47540327454684, \"fill\": \"#000000\", \"left\": 161.63465121632677, \"text\": \"TP\", \"angle\": 0, \"label\": \"Text Field 8\", \"width\": 250, \"height\": 45.2, \"locked\": false, \"scaleX\": 0.2553175775865842, \"scaleY\": 0.2553175775865842, \"fontSize\": 40, \"textAlign\": \"center\", \"fontFamily\": \"Amorisa Free\", \"fontWeight\": \"bold\", \"topPercent\": 15.908707037894626, \"canvasWidth\": 319.8793565683646, \"leftPercent\": 50.52987881128935, \"canvasHeight\": 487, \"widthPercent\": 19.9542086996178, \"heightPercent\": 2.3696826502902675}]}, \"backgroundId\": null, \"previewImageUrl\": \"https://res.cloudinary.com/dsyb7ymon/image/upload/v1768377825/g4fae5osfchxenfumw2n.png\", \"previewPublicId\": \"g4fae5osfchxenfumw2n\", \"cloudinaryPublicId\": \"kpsd18ktyhfti9tkq0g3\"}, {\"imageUrl\": \"https://res.cloudinary.com/dsyb7ymon/image/upload/v1768376889/kpsd18ktyhfti9tkq0g3.png\", \"canvasData\": {\"canvasWidth\": 319.8793565683646, \"canvasHeight\": 487, \"textElements\": []}, \"backgroundId\": null, \"previewImageUrl\": \"https://res.cloudinary.com/dsyb7ymon/image/upload/v1768377775/uihpyxwt909tdnr0wn7r.png\", \"previewPublicId\": \"uihpyxwt909tdnr0wn7r\", \"cloudinaryPublicId\": null}], \"canvasWidth\": 319.8793565683646, \"public_slug\": \"card-1768385143075-n6w26ao\", \"canvasHeight\": 487, \"is_multipage\": true, \"textElements\": [{\"id\": \"1\", \"top\": 137.81966698849743, \"fill\": \"#6ea683\", \"left\": 159.9396782841823, \"text\": \"WE INVITE YOU\\nTO CELEBRATE OUR WEDDING\", \"angle\": 0, \"label\": \"Text Field 1\", \"width\": 1232.7500183008317, \"height\": 97.63199999999998, \"locked\": true, \"scaleX\": 0.2136941772086853, \"scaleY\": 0.2136941772086853, \"fontSize\": 40, \"textAlign\": \"center\", \"fontFamily\": \"Arial\", \"fontWeight\": \"bold\", \"topPercent\": 28.299726281005633, \"canvasWidth\": 319.8793565683646, \"leftPercent\": 50, \"canvasHeight\": 487, \"widthPercent\": 82.3533921322264, \"heightPercent\": 4.284063636393913}, {\"id\": \"2\", \"top\": 175.5547634225447, \"fill\": \"#195c60\", \"left\": 159.31958730064386, \"text\": \"Tarun\", \"angle\": 0, \"label\": \"Text Field 2\", \"width\": 250, \"height\": 45.2, \"locked\": false, \"scaleX\": 0.8523973604562101, \"scaleY\": 0.8523973604562101, \"fontSize\": 40, \"textAlign\": \"center\", \"fontFamily\": \"Amorisa Free\", \"fontWeight\": \"bold\", \"topPercent\": 36.04820604159029, \"canvasWidth\": 319.8793565683646, \"leftPercent\": 49.8061484835437, \"canvasHeight\": 487, \"widthPercent\": 66.61865973477065, \"heightPercent\": 7.91136769869008}, {\"id\": \"3\", \"top\": 252.26218282397383, \"fill\": \"#195c60\", \"left\": 154.91687463391384, \"text\": \"Pooja\", \"angle\": 0, \"label\": \"Text Field 3\", \"width\": 250, \"height\": 45.2, \"locked\": false, \"scaleX\": 0.9069104300070152, \"scaleY\": 0.9069104300070152, \"fontSize\": 40, \"textAlign\": \"center\", \"fontFamily\": \"Amorisa Free\", \"fontWeight\": \"bold\", \"topPercent\": 51.799216185620914, \"canvasWidth\": 319.8793565683646, \"leftPercent\": 48.42978187021738, \"canvasHeight\": 487, \"widthPercent\": 70.87909952491654, \"heightPercent\": 8.417320623473735}, {\"id\": \"4\", \"top\": 208.290160164271, \"fill\": \"#6ea683\", \"left\": 169.9227445861231, \"text\": \"&\", \"angle\": 0, \"label\": \"Text Field 4\", \"width\": 250, \"height\": 45.2, \"locked\": false, \"scaleX\": 1, \"scaleY\": 1, \"fontSize\": 40, \"textAlign\": \"center\", \"fontFamily\": \"Amorisa Free\", \"fontWeight\": \"normal\", \"topPercent\": 42.770053421821565, \"canvasWidth\": 319.8793565683646, \"leftPercent\": 53.120884826403994, \"canvasHeight\": 487, \"widthPercent\": 78.15446507144954, \"heightPercent\": 9.281314168377824}, {\"id\": \"5\", \"top\": 290.85429043252805, \"fill\": \"#6ea683\", \"left\": 159.9396782841823, \"text\": \"November 25th, 2028\", \"angle\": 0, \"label\": \"Text Field 5\", \"width\": 445.1907494986312, \"height\": 45.2, \"locked\": false, \"scaleX\": 0.30185016079827687, \"scaleY\": 0.30185016079827687, \"fontSize\": 40, \"textAlign\": \"center\", \"fontFamily\": \"ALbertus NOva\", \"fontWeight\": \"bold\", \"topPercent\": 59.72367360010843, \"canvasWidth\": 319.8793565683646, \"leftPercent\": 50, \"canvasHeight\": 487, \"widthPercent\": 42.009869209345915, \"heightPercent\": 2.8015661741441713}, {\"id\": \"6\", \"top\": 307.9886073597039, \"fill\": \"#6ea683\", \"left\": 159.9396782841823, \"text\": \"Thursday\", \"angle\": 0, \"label\": \"Text Field 6\", \"width\": 250, \"height\": 45.2, \"locked\": false, \"scaleX\": 0.2977422020891621, \"scaleY\": 0.2977422020891621, \"fontSize\": 40, \"textAlign\": \"center\", \"fontFamily\": \"ALbertus NOva\", \"fontWeight\": \"bold\", \"topPercent\": 63.24201383156137, \"canvasWidth\": 319.8793565683646, \"leftPercent\": 50, \"canvasHeight\": 487, \"widthPercent\": 23.269882533473886, \"heightPercent\": 2.763438918774153}, {\"id\": \"7\", \"top\": 328.02651355301117, \"fill\": \"#195c60\", \"left\": 159.9396782841823, \"text\": \"Alwart Motel, Resort\", \"angle\": 0, \"label\": \"Text Field 7\", \"width\": 493.37538719868434, \"height\": 45.2, \"locked\": false, \"scaleX\": 0.271418843198347, \"scaleY\": 0.271418843198347, \"fontSize\": 40, \"textAlign\": \"center\", \"fontFamily\": \"ALbertus NOva\", \"fontWeight\": \"bold\", \"topPercent\": 67.3565736248483, \"canvasWidth\": 319.8793565683646, \"leftPercent\": 50, \"canvasHeight\": 487, \"widthPercent\": 41.863088100648945, \"heightPercent\": 2.5191235549415367}, {\"id\": \"8\", \"top\": 77.47540327454684, \"fill\": \"#000000\", \"left\": 161.63465121632677, \"text\": \"TP\", \"angle\": 0, \"label\": \"Text Field 8\", \"width\": 250, \"height\": 45.2, \"locked\": false, \"scaleX\": 0.2553175775865842, \"scaleY\": 0.2553175775865842, \"fontSize\": 40, \"textAlign\": \"center\", \"fontFamily\": \"Amorisa Free\", \"fontWeight\": \"bold\", \"topPercent\": 15.908707037894626, \"canvasWidth\": 319.8793565683646, \"leftPercent\": 50.52987881128935, \"canvasHeight\": 487, \"widthPercent\": 19.9542086996178, \"heightPercent\": 2.3696826502902675}]}','','draft','2026-01-14 10:05:43',NULL),(17,21,'a7e4cf29-1dcf-40e6-a039-e089d4a53489','{\"pages\": [{\"imageUrl\": \"https://res.cloudinary.com/dsyb7ymon/image/upload/v1768376889/kpsd18ktyhfti9tkq0g3.png\", \"canvasData\": {\"canvasWidth\": 319.8793565683646, \"canvasHeight\": 487, \"textElements\": [{\"id\": \"1\", \"top\": 137.81966698849743, \"fill\": \"#6ea683\", \"left\": 159.9396782841823, \"text\": \"WE INVITE YOU\\nTO CELEBRATE OUR WEDDING\", \"angle\": 0, \"label\": \"Text Field 1\", \"width\": 1232.7500183008317, \"height\": 97.63199999999998, \"locked\": true, \"scaleX\": 0.2136941772086853, \"scaleY\": 0.2136941772086853, \"fontSize\": 40, \"textAlign\": \"center\", \"fontFamily\": \"Arial\", \"fontWeight\": \"bold\", \"topPercent\": 28.299726281005633, \"canvasWidth\": 319.8793565683646, \"leftPercent\": 50, \"canvasHeight\": 487, \"widthPercent\": 82.3533921322264, \"heightPercent\": 4.284063636393913}, {\"id\": \"2\", \"top\": 175.5547634225447, \"fill\": \"#195c60\", \"left\": 159.31958730064386, \"text\": \"Shyam\", \"angle\": 0, \"label\": \"Text Field 2\", \"width\": 250, \"height\": 45.2, \"locked\": false, \"scaleX\": 0.8523973604562101, \"scaleY\": 0.8523973604562101, \"fontSize\": 40, \"textAlign\": \"center\", \"fontFamily\": \"Amorisa Free\", \"fontWeight\": \"bold\", \"topPercent\": 36.04820604159029, \"canvasWidth\": 319.8793565683646, \"leftPercent\": 49.8061484835437, \"canvasHeight\": 487, \"widthPercent\": 66.61865973477065, \"heightPercent\": 7.91136769869008}, {\"id\": \"3\", \"top\": 252.26218282397383, \"fill\": \"#195c60\", \"left\": 154.91687463391384, \"text\": \"Tanisha\", \"angle\": 0, \"label\": \"Text Field 3\", \"width\": 250, \"height\": 45.2, \"locked\": false, \"scaleX\": 0.9069104300070152, \"scaleY\": 0.9069104300070152, \"fontSize\": 40, \"textAlign\": \"center\", \"fontFamily\": \"Amorisa Free\", \"fontWeight\": \"bold\", \"topPercent\": 51.799216185620914, \"canvasWidth\": 319.8793565683646, \"leftPercent\": 48.42978187021738, \"canvasHeight\": 487, \"widthPercent\": 70.87909952491654, \"heightPercent\": 8.417320623473735}, {\"id\": \"4\", \"top\": 208.290160164271, \"fill\": \"#6ea683\", \"left\": 169.9227445861231, \"text\": \"&\", \"angle\": 0, \"label\": \"Text Field 4\", \"width\": 250, \"height\": 45.2, \"locked\": false, \"scaleX\": 1, \"scaleY\": 1, \"fontSize\": 40, \"textAlign\": \"center\", \"fontFamily\": \"Amorisa Free\", \"fontWeight\": \"normal\", \"topPercent\": 42.770053421821565, \"canvasWidth\": 319.8793565683646, \"leftPercent\": 53.120884826403994, \"canvasHeight\": 487, \"widthPercent\": 78.15446507144954, \"heightPercent\": 9.281314168377824}, {\"id\": \"5\", \"top\": 290.85429043252805, \"fill\": \"#6ea683\", \"left\": 159.9396782841823, \"text\": \"November 25th, 2028\", \"angle\": 0, \"label\": \"Text Field 5\", \"width\": 445.1907494986312, \"height\": 45.2, \"locked\": false, \"scaleX\": 0.30185016079827687, \"scaleY\": 0.30185016079827687, \"fontSize\": 40, \"textAlign\": \"center\", \"fontFamily\": \"ALbertus NOva\", \"fontWeight\": \"bold\", \"topPercent\": 59.72367360010843, \"canvasWidth\": 319.8793565683646, \"leftPercent\": 50, \"canvasHeight\": 487, \"widthPercent\": 42.009869209345915, \"heightPercent\": 2.8015661741441713}, {\"id\": \"6\", \"top\": 307.9886073597039, \"fill\": \"#6ea683\", \"left\": 159.9396782841823, \"text\": \"Thursday\", \"angle\": 0, \"label\": \"Text Field 6\", \"width\": 250, \"height\": 45.2, \"locked\": false, \"scaleX\": 0.2977422020891621, \"scaleY\": 0.2977422020891621, \"fontSize\": 40, \"textAlign\": \"center\", \"fontFamily\": \"ALbertus NOva\", \"fontWeight\": \"bold\", \"topPercent\": 63.24201383156137, \"canvasWidth\": 319.8793565683646, \"leftPercent\": 50, \"canvasHeight\": 487, \"widthPercent\": 23.269882533473886, \"heightPercent\": 2.763438918774153}, {\"id\": \"7\", \"top\": 328.02651355301117, \"fill\": \"#195c60\", \"left\": 159.9396782841823, \"text\": \"Alwart Motel, Resort\", \"angle\": 0, \"label\": \"Text Field 7\", \"width\": 493.37538719868434, \"height\": 45.2, \"locked\": false, \"scaleX\": 0.271418843198347, \"scaleY\": 0.271418843198347, \"fontSize\": 40, \"textAlign\": \"center\", \"fontFamily\": \"ALbertus NOva\", \"fontWeight\": \"bold\", \"topPercent\": 67.3565736248483, \"canvasWidth\": 319.8793565683646, \"leftPercent\": 50, \"canvasHeight\": 487, \"widthPercent\": 41.863088100648945, \"heightPercent\": 2.5191235549415367}, {\"id\": \"8\", \"top\": 77.47540327454684, \"fill\": \"#000000\", \"left\": 161.63465121632677, \"text\": \"TP\", \"angle\": 0, \"label\": \"Text Field 8\", \"width\": 250, \"height\": 45.2, \"locked\": false, \"scaleX\": 0.2553175775865842, \"scaleY\": 0.2553175775865842, \"fontSize\": 40, \"textAlign\": \"center\", \"fontFamily\": \"Amorisa Free\", \"fontWeight\": \"bold\", \"topPercent\": 15.908707037894626, \"canvasWidth\": 319.8793565683646, \"leftPercent\": 50.52987881128935, \"canvasHeight\": 487, \"widthPercent\": 19.9542086996178, \"heightPercent\": 2.3696826502902675}]}, \"backgroundId\": null, \"previewImageUrl\": \"https://res.cloudinary.com/dsyb7ymon/image/upload/v1768377825/g4fae5osfchxenfumw2n.png\", \"previewPublicId\": \"g4fae5osfchxenfumw2n\", \"cloudinaryPublicId\": \"kpsd18ktyhfti9tkq0g3\"}, {\"imageUrl\": \"https://res.cloudinary.com/dsyb7ymon/image/upload/v1768376889/kpsd18ktyhfti9tkq0g3.png\", \"canvasData\": {\"canvasWidth\": 319.8793565683646, \"canvasHeight\": 487, \"textElements\": []}, \"backgroundId\": null, \"previewImageUrl\": \"https://res.cloudinary.com/dsyb7ymon/image/upload/v1768377775/uihpyxwt909tdnr0wn7r.png\", \"previewPublicId\": \"uihpyxwt909tdnr0wn7r\", \"cloudinaryPublicId\": null}], \"canvasWidth\": 319.8793565683646, \"public_slug\": \"card-1768385168472-03cbb4y\", \"canvasHeight\": 487, \"is_multipage\": true, \"textElements\": [{\"id\": \"1\", \"top\": 137.81966698849743, \"fill\": \"#6ea683\", \"left\": 159.9396782841823, \"text\": \"WE INVITE YOU\\nTO CELEBRATE OUR WEDDING\", \"angle\": 0, \"label\": \"Text Field 1\", \"width\": 1232.7500183008317, \"height\": 97.63199999999998, \"locked\": true, \"scaleX\": 0.2136941772086853, \"scaleY\": 0.2136941772086853, \"fontSize\": 40, \"textAlign\": \"center\", \"fontFamily\": \"Arial\", \"fontWeight\": \"bold\", \"topPercent\": 28.299726281005633, \"canvasWidth\": 319.8793565683646, \"leftPercent\": 50, \"canvasHeight\": 487, \"widthPercent\": 82.3533921322264, \"heightPercent\": 4.284063636393913}, {\"id\": \"2\", \"top\": 175.5547634225447, \"fill\": \"#195c60\", \"left\": 159.31958730064386, \"text\": \"Tarun\", \"angle\": 0, \"label\": \"Text Field 2\", \"width\": 250, \"height\": 45.2, \"locked\": false, \"scaleX\": 0.8523973604562101, \"scaleY\": 0.8523973604562101, \"fontSize\": 40, \"textAlign\": \"center\", \"fontFamily\": \"Amorisa Free\", \"fontWeight\": \"bold\", \"topPercent\": 36.04820604159029, \"canvasWidth\": 319.8793565683646, \"leftPercent\": 49.8061484835437, \"canvasHeight\": 487, \"widthPercent\": 66.61865973477065, \"heightPercent\": 7.91136769869008}, {\"id\": \"3\", \"top\": 252.26218282397383, \"fill\": \"#195c60\", \"left\": 154.91687463391384, \"text\": \"Pooja\", \"angle\": 0, \"label\": \"Text Field 3\", \"width\": 250, \"height\": 45.2, \"locked\": false, \"scaleX\": 0.9069104300070152, \"scaleY\": 0.9069104300070152, \"fontSize\": 40, \"textAlign\": \"center\", \"fontFamily\": \"Amorisa Free\", \"fontWeight\": \"bold\", \"topPercent\": 51.799216185620914, \"canvasWidth\": 319.8793565683646, \"leftPercent\": 48.42978187021738, \"canvasHeight\": 487, \"widthPercent\": 70.87909952491654, \"heightPercent\": 8.417320623473735}, {\"id\": \"4\", \"top\": 208.290160164271, \"fill\": \"#6ea683\", \"left\": 169.9227445861231, \"text\": \"&\", \"angle\": 0, \"label\": \"Text Field 4\", \"width\": 250, \"height\": 45.2, \"locked\": false, \"scaleX\": 1, \"scaleY\": 1, \"fontSize\": 40, \"textAlign\": \"center\", \"fontFamily\": \"Amorisa Free\", \"fontWeight\": \"normal\", \"topPercent\": 42.770053421821565, \"canvasWidth\": 319.8793565683646, \"leftPercent\": 53.120884826403994, \"canvasHeight\": 487, \"widthPercent\": 78.15446507144954, \"heightPercent\": 9.281314168377824}, {\"id\": \"5\", \"top\": 290.85429043252805, \"fill\": \"#6ea683\", \"left\": 159.9396782841823, \"text\": \"November 25th, 2028\", \"angle\": 0, \"label\": \"Text Field 5\", \"width\": 445.1907494986312, \"height\": 45.2, \"locked\": false, \"scaleX\": 0.30185016079827687, \"scaleY\": 0.30185016079827687, \"fontSize\": 40, \"textAlign\": \"center\", \"fontFamily\": \"ALbertus NOva\", \"fontWeight\": \"bold\", \"topPercent\": 59.72367360010843, \"canvasWidth\": 319.8793565683646, \"leftPercent\": 50, \"canvasHeight\": 487, \"widthPercent\": 42.009869209345915, \"heightPercent\": 2.8015661741441713}, {\"id\": \"6\", \"top\": 307.9886073597039, \"fill\": \"#6ea683\", \"left\": 159.9396782841823, \"text\": \"Thursday\", \"angle\": 0, \"label\": \"Text Field 6\", \"width\": 250, \"height\": 45.2, \"locked\": false, \"scaleX\": 0.2977422020891621, \"scaleY\": 0.2977422020891621, \"fontSize\": 40, \"textAlign\": \"center\", \"fontFamily\": \"ALbertus NOva\", \"fontWeight\": \"bold\", \"topPercent\": 63.24201383156137, \"canvasWidth\": 319.8793565683646, \"leftPercent\": 50, \"canvasHeight\": 487, \"widthPercent\": 23.269882533473886, \"heightPercent\": 2.763438918774153}, {\"id\": \"7\", \"top\": 328.02651355301117, \"fill\": \"#195c60\", \"left\": 159.9396782841823, \"text\": \"Alwart Motel, Resort\", \"angle\": 0, \"label\": \"Text Field 7\", \"width\": 493.37538719868434, \"height\": 45.2, \"locked\": false, \"scaleX\": 0.271418843198347, \"scaleY\": 0.271418843198347, \"fontSize\": 40, \"textAlign\": \"center\", \"fontFamily\": \"ALbertus NOva\", \"fontWeight\": \"bold\", \"topPercent\": 67.3565736248483, \"canvasWidth\": 319.8793565683646, \"leftPercent\": 50, \"canvasHeight\": 487, \"widthPercent\": 41.863088100648945, \"heightPercent\": 2.5191235549415367}, {\"id\": \"8\", \"top\": 77.47540327454684, \"fill\": \"#000000\", \"left\": 161.63465121632677, \"text\": \"TP\", \"angle\": 0, \"label\": \"Text Field 8\", \"width\": 250, \"height\": 45.2, \"locked\": false, \"scaleX\": 0.2553175775865842, \"scaleY\": 0.2553175775865842, \"fontSize\": 40, \"textAlign\": \"center\", \"fontFamily\": \"Amorisa Free\", \"fontWeight\": \"bold\", \"topPercent\": 15.908707037894626, \"canvasWidth\": 319.8793565683646, \"leftPercent\": 50.52987881128935, \"canvasHeight\": 487, \"widthPercent\": 19.9542086996178, \"heightPercent\": 2.3696826502902675}]}','','draft','2026-01-14 10:06:08',NULL),(18,21,'a7e4cf29-1dcf-40e6-a039-e089d4a53489','{\"pages\": [{\"imageUrl\": \"https://res.cloudinary.com/dsyb7ymon/image/upload/v1768376889/kpsd18ktyhfti9tkq0g3.png\", \"canvasData\": {\"canvasWidth\": 319.8793565683646, \"canvasHeight\": 487, \"textElements\": [{\"id\": \"1\", \"top\": 137.81966698849743, \"fill\": \"#6ea683\", \"left\": 159.9396782841823, \"text\": \"WE INVITE YOU\\nTO CELEBRATE OUR WEDDING\", \"angle\": 0, \"label\": \"Text Field 1\", \"width\": 1232.7500183008317, \"height\": 97.63199999999998, \"locked\": true, \"scaleX\": 0.2136941772086853, \"scaleY\": 0.2136941772086853, \"fontSize\": 40, \"textAlign\": \"center\", \"fontFamily\": \"Arial\", \"fontWeight\": \"bold\", \"topPercent\": 28.299726281005633, \"canvasWidth\": 319.8793565683646, \"leftPercent\": 50, \"canvasHeight\": 487, \"widthPercent\": 82.3533921322264, \"heightPercent\": 4.284063636393913}, {\"id\": \"2\", \"top\": 175.5547634225447, \"fill\": \"#195c60\", \"left\": 159.31958730064386, \"text\": \"Tarun\", \"angle\": 0, \"label\": \"Text Field 2\", \"width\": 250, \"height\": 45.2, \"locked\": false, \"scaleX\": 0.8523973604562101, \"scaleY\": 0.8523973604562101, \"fontSize\": 40, \"textAlign\": \"center\", \"fontFamily\": \"Amorisa Free\", \"fontWeight\": \"bold\", \"topPercent\": 36.04820604159029, \"canvasWidth\": 319.8793565683646, \"leftPercent\": 49.8061484835437, \"canvasHeight\": 487, \"widthPercent\": 66.61865973477065, \"heightPercent\": 7.91136769869008}, {\"id\": \"3\", \"top\": 252.26218282397383, \"fill\": \"#195c60\", \"left\": 154.91687463391384, \"text\": \"Pooja\", \"angle\": 0, \"label\": \"Text Field 3\", \"width\": 250, \"height\": 45.2, \"locked\": false, \"scaleX\": 0.9069104300070152, \"scaleY\": 0.9069104300070152, \"fontSize\": 40, \"textAlign\": \"center\", \"fontFamily\": \"Amorisa Free\", \"fontWeight\": \"bold\", \"topPercent\": 51.799216185620914, \"canvasWidth\": 319.8793565683646, \"leftPercent\": 48.42978187021738, \"canvasHeight\": 487, \"widthPercent\": 70.87909952491654, \"heightPercent\": 8.417320623473735}, {\"id\": \"4\", \"top\": 208.290160164271, \"fill\": \"#6ea683\", \"left\": 169.9227445861231, \"text\": \"&\", \"angle\": 0, \"label\": \"Text Field 4\", \"width\": 250, \"height\": 45.2, \"locked\": false, \"scaleX\": 1, \"scaleY\": 1, \"fontSize\": 40, \"textAlign\": \"center\", \"fontFamily\": \"Amorisa Free\", \"fontWeight\": \"normal\", \"topPercent\": 42.770053421821565, \"canvasWidth\": 319.8793565683646, \"leftPercent\": 53.120884826403994, \"canvasHeight\": 487, \"widthPercent\": 78.15446507144954, \"heightPercent\": 9.281314168377824}, {\"id\": \"5\", \"top\": 290.85429043252805, \"fill\": \"#6ea683\", \"left\": 159.9396782841823, \"text\": \"November 25th, 2028\", \"angle\": 0, \"label\": \"Text Field 5\", \"width\": 445.1907494986312, \"height\": 45.2, \"locked\": false, \"scaleX\": 0.30185016079827687, \"scaleY\": 0.30185016079827687, \"fontSize\": 40, \"textAlign\": \"center\", \"fontFamily\": \"ALbertus NOva\", \"fontWeight\": \"bold\", \"topPercent\": 59.72367360010843, \"canvasWidth\": 319.8793565683646, \"leftPercent\": 50, \"canvasHeight\": 487, \"widthPercent\": 42.009869209345915, \"heightPercent\": 2.8015661741441713}, {\"id\": \"6\", \"top\": 307.9886073597039, \"fill\": \"#6ea683\", \"left\": 159.9396782841823, \"text\": \"Thursday\", \"angle\": 0, \"label\": \"Text Field 6\", \"width\": 250, \"height\": 45.2, \"locked\": false, \"scaleX\": 0.2977422020891621, \"scaleY\": 0.2977422020891621, \"fontSize\": 40, \"textAlign\": \"center\", \"fontFamily\": \"ALbertus NOva\", \"fontWeight\": \"bold\", \"topPercent\": 63.24201383156137, \"canvasWidth\": 319.8793565683646, \"leftPercent\": 50, \"canvasHeight\": 487, \"widthPercent\": 23.269882533473886, \"heightPercent\": 2.763438918774153}, {\"id\": \"7\", \"top\": 328.02651355301117, \"fill\": \"#195c60\", \"left\": 159.9396782841823, \"text\": \"Alwart Motel, Resort\", \"angle\": 0, \"label\": \"Text Field 7\", \"width\": 493.37538719868434, \"height\": 45.2, \"locked\": false, \"scaleX\": 0.271418843198347, \"scaleY\": 0.271418843198347, \"fontSize\": 40, \"textAlign\": \"center\", \"fontFamily\": \"ALbertus NOva\", \"fontWeight\": \"bold\", \"topPercent\": 67.3565736248483, \"canvasWidth\": 319.8793565683646, \"leftPercent\": 50, \"canvasHeight\": 487, \"widthPercent\": 41.863088100648945, \"heightPercent\": 2.5191235549415367}, {\"id\": \"8\", \"top\": 77.47540327454684, \"fill\": \"#000000\", \"left\": 161.63465121632677, \"text\": \"TP\", \"angle\": 0, \"label\": \"Text Field 8\", \"width\": 250, \"height\": 45.2, \"locked\": false, \"scaleX\": 0.2553175775865842, \"scaleY\": 0.2553175775865842, \"fontSize\": 40, \"textAlign\": \"center\", \"fontFamily\": \"Amorisa Free\", \"fontWeight\": \"bold\", \"topPercent\": 15.908707037894626, \"canvasWidth\": 319.8793565683646, \"leftPercent\": 50.52987881128935, \"canvasHeight\": 487, \"widthPercent\": 19.9542086996178, \"heightPercent\": 2.3696826502902675}]}, \"backgroundId\": null, \"previewImageUrl\": \"https://res.cloudinary.com/dsyb7ymon/image/upload/v1768377825/g4fae5osfchxenfumw2n.png\", \"previewPublicId\": \"g4fae5osfchxenfumw2n\", \"cloudinaryPublicId\": \"kpsd18ktyhfti9tkq0g3\"}, {\"imageUrl\": \"https://res.cloudinary.com/dsyb7ymon/image/upload/v1768376889/kpsd18ktyhfti9tkq0g3.png\", \"canvasData\": {\"canvasWidth\": 319.8793565683646, \"canvasHeight\": 487, \"textElements\": []}, \"backgroundId\": null, \"previewImageUrl\": \"https://res.cloudinary.com/dsyb7ymon/image/upload/v1768377775/uihpyxwt909tdnr0wn7r.png\", \"previewPublicId\": \"uihpyxwt909tdnr0wn7r\", \"cloudinaryPublicId\": null}], \"canvasWidth\": 319.8793565683646, \"public_slug\": \"card-1768385692265-ixgv5d7\", \"canvasHeight\": 487, \"is_multipage\": true, \"textElements\": [{\"id\": \"1\", \"top\": 137.81966698849743, \"fill\": \"#6ea683\", \"left\": 159.9396782841823, \"text\": \"WE INVITE YOU\\nTO CELEBRATE OUR WEDDING\", \"angle\": 0, \"label\": \"Text Field 1\", \"width\": 1232.7500183008317, \"height\": 97.63199999999998, \"locked\": true, \"scaleX\": 0.2136941772086853, \"scaleY\": 0.2136941772086853, \"fontSize\": 40, \"textAlign\": \"center\", \"fontFamily\": \"Arial\", \"fontWeight\": \"bold\", \"topPercent\": 28.299726281005633, \"canvasWidth\": 319.8793565683646, \"leftPercent\": 50, \"canvasHeight\": 487, \"widthPercent\": 82.3533921322264, \"heightPercent\": 4.284063636393913}, {\"id\": \"2\", \"top\": 175.5547634225447, \"fill\": \"#195c60\", \"left\": 159.31958730064386, \"text\": \"Tarun\", \"angle\": 0, \"label\": \"Text Field 2\", \"width\": 250, \"height\": 45.2, \"locked\": false, \"scaleX\": 0.8523973604562101, \"scaleY\": 0.8523973604562101, \"fontSize\": 40, \"textAlign\": \"center\", \"fontFamily\": \"Amorisa Free\", \"fontWeight\": \"bold\", \"topPercent\": 36.04820604159029, \"canvasWidth\": 319.8793565683646, \"leftPercent\": 49.8061484835437, \"canvasHeight\": 487, \"widthPercent\": 66.61865973477065, \"heightPercent\": 7.91136769869008}, {\"id\": \"3\", \"top\": 252.26218282397383, \"fill\": \"#195c60\", \"left\": 154.91687463391384, \"text\": \"Pooja\", \"angle\": 0, \"label\": \"Text Field 3\", \"width\": 250, \"height\": 45.2, \"locked\": false, \"scaleX\": 0.9069104300070152, \"scaleY\": 0.9069104300070152, \"fontSize\": 40, \"textAlign\": \"center\", \"fontFamily\": \"Amorisa Free\", \"fontWeight\": \"bold\", \"topPercent\": 51.799216185620914, \"canvasWidth\": 319.8793565683646, \"leftPercent\": 48.42978187021738, \"canvasHeight\": 487, \"widthPercent\": 70.87909952491654, \"heightPercent\": 8.417320623473735}, {\"id\": \"4\", \"top\": 208.290160164271, \"fill\": \"#6ea683\", \"left\": 169.9227445861231, \"text\": \"&\", \"angle\": 0, \"label\": \"Text Field 4\", \"width\": 250, \"height\": 45.2, \"locked\": false, \"scaleX\": 1, \"scaleY\": 1, \"fontSize\": 40, \"textAlign\": \"center\", \"fontFamily\": \"Amorisa Free\", \"fontWeight\": \"normal\", \"topPercent\": 42.770053421821565, \"canvasWidth\": 319.8793565683646, \"leftPercent\": 53.120884826403994, \"canvasHeight\": 487, \"widthPercent\": 78.15446507144954, \"heightPercent\": 9.281314168377824}, {\"id\": \"5\", \"top\": 290.85429043252805, \"fill\": \"#6ea683\", \"left\": 159.9396782841823, \"text\": \"November 25th, 2028\", \"angle\": 0, \"label\": \"Text Field 5\", \"width\": 445.1907494986312, \"height\": 45.2, \"locked\": false, \"scaleX\": 0.30185016079827687, \"scaleY\": 0.30185016079827687, \"fontSize\": 40, \"textAlign\": \"center\", \"fontFamily\": \"ALbertus NOva\", \"fontWeight\": \"bold\", \"topPercent\": 59.72367360010843, \"canvasWidth\": 319.8793565683646, \"leftPercent\": 50, \"canvasHeight\": 487, \"widthPercent\": 42.009869209345915, \"heightPercent\": 2.8015661741441713}, {\"id\": \"6\", \"top\": 307.9886073597039, \"fill\": \"#6ea683\", \"left\": 159.9396782841823, \"text\": \"Thursday\", \"angle\": 0, \"label\": \"Text Field 6\", \"width\": 250, \"height\": 45.2, \"locked\": false, \"scaleX\": 0.2977422020891621, \"scaleY\": 0.2977422020891621, \"fontSize\": 40, \"textAlign\": \"center\", \"fontFamily\": \"ALbertus NOva\", \"fontWeight\": \"bold\", \"topPercent\": 63.24201383156137, \"canvasWidth\": 319.8793565683646, \"leftPercent\": 50, \"canvasHeight\": 487, \"widthPercent\": 23.269882533473886, \"heightPercent\": 2.763438918774153}, {\"id\": \"7\", \"top\": 328.02651355301117, \"fill\": \"#195c60\", \"left\": 159.9396782841823, \"text\": \"Alwart Motel, Resort\", \"angle\": 0, \"label\": \"Text Field 7\", \"width\": 493.37538719868434, \"height\": 45.2, \"locked\": false, \"scaleX\": 0.271418843198347, \"scaleY\": 0.271418843198347, \"fontSize\": 40, \"textAlign\": \"center\", \"fontFamily\": \"ALbertus NOva\", \"fontWeight\": \"bold\", \"topPercent\": 67.3565736248483, \"canvasWidth\": 319.8793565683646, \"leftPercent\": 50, \"canvasHeight\": 487, \"widthPercent\": 41.863088100648945, \"heightPercent\": 2.5191235549415367}, {\"id\": \"8\", \"top\": 77.47540327454684, \"fill\": \"#000000\", \"left\": 161.63465121632677, \"text\": \"TP\", \"angle\": 0, \"label\": \"Text Field 8\", \"width\": 250, \"height\": 45.2, \"locked\": false, \"scaleX\": 0.2553175775865842, \"scaleY\": 0.2553175775865842, \"fontSize\": 40, \"textAlign\": \"center\", \"fontFamily\": \"Amorisa Free\", \"fontWeight\": \"bold\", \"topPercent\": 15.908707037894626, \"canvasWidth\": 319.8793565683646, \"leftPercent\": 50.52987881128935, \"canvasHeight\": 487, \"widthPercent\": 19.9542086996178, \"heightPercent\": 2.3696826502902675}]}','','draft','2026-01-14 10:14:52',NULL),(19,21,'a7e4cf29-1dcf-40e6-a039-e089d4a53489','{\"pages\": [{\"imageUrl\": \"https://res.cloudinary.com/dsyb7ymon/image/upload/v1768376889/kpsd18ktyhfti9tkq0g3.png\", \"canvasData\": {\"canvasWidth\": 319.8793565683646, \"canvasHeight\": 487, \"textElements\": [{\"id\": \"1\", \"top\": 137.81966698849743, \"fill\": \"#6ea683\", \"left\": 159.9396782841823, \"text\": \"WE INVITE YOU\\nTO CELEBRATE OUR WEDDING\", \"angle\": 0, \"label\": \"Text Field 1\", \"width\": 1232.7500183008317, \"height\": 97.63199999999998, \"locked\": true, \"scaleX\": 0.2136941772086853, \"scaleY\": 0.2136941772086853, \"fontSize\": 40, \"textAlign\": \"center\", \"fontFamily\": \"Arial\", \"fontWeight\": \"bold\", \"topPercent\": 28.299726281005633, \"canvasWidth\": 319.8793565683646, \"leftPercent\": 50, \"canvasHeight\": 487, \"widthPercent\": 82.3533921322264, \"heightPercent\": 4.284063636393913}, {\"id\": \"2\", \"top\": 175.5547634225447, \"fill\": \"#195c60\", \"left\": 159.31958730064386, \"text\": \"Shyam\", \"angle\": 0, \"label\": \"Text Field 2\", \"width\": 250, \"height\": 45.2, \"locked\": false, \"scaleX\": 0.8523973604562101, \"scaleY\": 0.8523973604562101, \"fontSize\": 40, \"textAlign\": \"center\", \"fontFamily\": \"Amorisa Free\", \"fontWeight\": \"bold\", \"topPercent\": 36.04820604159029, \"canvasWidth\": 319.8793565683646, \"leftPercent\": 49.8061484835437, \"canvasHeight\": 487, \"widthPercent\": 66.61865973477065, \"heightPercent\": 7.91136769869008}, {\"id\": \"3\", \"top\": 252.26218282397383, \"fill\": \"#195c60\", \"left\": 154.91687463391384, \"text\": \"Tanisha\", \"angle\": 0, \"label\": \"Text Field 3\", \"width\": 250, \"height\": 45.2, \"locked\": false, \"scaleX\": 0.9069104300070152, \"scaleY\": 0.9069104300070152, \"fontSize\": 40, \"textAlign\": \"center\", \"fontFamily\": \"Amorisa Free\", \"fontWeight\": \"bold\", \"topPercent\": 51.799216185620914, \"canvasWidth\": 319.8793565683646, \"leftPercent\": 48.42978187021738, \"canvasHeight\": 487, \"widthPercent\": 70.87909952491654, \"heightPercent\": 8.417320623473735}, {\"id\": \"4\", \"top\": 208.290160164271, \"fill\": \"#6ea683\", \"left\": 169.9227445861231, \"text\": \"&\", \"angle\": 0, \"label\": \"Text Field 4\", \"width\": 250, \"height\": 45.2, \"locked\": false, \"scaleX\": 1, \"scaleY\": 1, \"fontSize\": 40, \"textAlign\": \"center\", \"fontFamily\": \"Amorisa Free\", \"fontWeight\": \"normal\", \"topPercent\": 42.770053421821565, \"canvasWidth\": 319.8793565683646, \"leftPercent\": 53.120884826403994, \"canvasHeight\": 487, \"widthPercent\": 78.15446507144954, \"heightPercent\": 9.281314168377824}, {\"id\": \"5\", \"top\": 290.85429043252805, \"fill\": \"#6ea683\", \"left\": 159.9396782841823, \"text\": \"November 25th, 2028\", \"angle\": 0, \"label\": \"Text Field 5\", \"width\": 445.1907494986312, \"height\": 45.2, \"locked\": false, \"scaleX\": 0.30185016079827687, \"scaleY\": 0.30185016079827687, \"fontSize\": 40, \"textAlign\": \"center\", \"fontFamily\": \"ALbertus NOva\", \"fontWeight\": \"bold\", \"topPercent\": 59.72367360010843, \"canvasWidth\": 319.8793565683646, \"leftPercent\": 50, \"canvasHeight\": 487, \"widthPercent\": 42.009869209345915, \"heightPercent\": 2.8015661741441713}, {\"id\": \"6\", \"top\": 307.9886073597039, \"fill\": \"#6ea683\", \"left\": 159.9396782841823, \"text\": \"Thursday\", \"angle\": 0, \"label\": \"Text Field 6\", \"width\": 250, \"height\": 45.2, \"locked\": false, \"scaleX\": 0.2977422020891621, \"scaleY\": 0.2977422020891621, \"fontSize\": 40, \"textAlign\": \"center\", \"fontFamily\": \"ALbertus NOva\", \"fontWeight\": \"bold\", \"topPercent\": 63.24201383156137, \"canvasWidth\": 319.8793565683646, \"leftPercent\": 50, \"canvasHeight\": 487, \"widthPercent\": 23.269882533473886, \"heightPercent\": 2.763438918774153}, {\"id\": \"7\", \"top\": 328.02651355301117, \"fill\": \"#195c60\", \"left\": 159.9396782841823, \"text\": \"Alwart Motel, Resort\", \"angle\": 0, \"label\": \"Text Field 7\", \"width\": 493.37538719868434, \"height\": 45.2, \"locked\": false, \"scaleX\": 0.271418843198347, \"scaleY\": 0.271418843198347, \"fontSize\": 40, \"textAlign\": \"center\", \"fontFamily\": \"ALbertus NOva\", \"fontWeight\": \"bold\", \"topPercent\": 67.3565736248483, \"canvasWidth\": 319.8793565683646, \"leftPercent\": 50, \"canvasHeight\": 487, \"widthPercent\": 41.863088100648945, \"heightPercent\": 2.5191235549415367}, {\"id\": \"8\", \"top\": 77.47540327454684, \"fill\": \"#000000\", \"left\": 161.63465121632677, \"text\": \"TP\", \"angle\": 0, \"label\": \"Text Field 8\", \"width\": 250, \"height\": 45.2, \"locked\": false, \"scaleX\": 0.2553175775865842, \"scaleY\": 0.2553175775865842, \"fontSize\": 40, \"textAlign\": \"center\", \"fontFamily\": \"Amorisa Free\", \"fontWeight\": \"bold\", \"topPercent\": 15.908707037894626, \"canvasWidth\": 319.8793565683646, \"leftPercent\": 50.52987881128935, \"canvasHeight\": 487, \"widthPercent\": 19.9542086996178, \"heightPercent\": 2.3696826502902675}]}, \"backgroundId\": null, \"previewImageUrl\": \"https://res.cloudinary.com/dsyb7ymon/image/upload/v1768377825/g4fae5osfchxenfumw2n.png\", \"previewPublicId\": \"g4fae5osfchxenfumw2n\", \"cloudinaryPublicId\": \"kpsd18ktyhfti9tkq0g3\"}, {\"imageUrl\": \"https://res.cloudinary.com/dsyb7ymon/image/upload/v1768376889/kpsd18ktyhfti9tkq0g3.png\", \"canvasData\": {\"canvasWidth\": 319.8793565683646, \"canvasHeight\": 487, \"textElements\": []}, \"backgroundId\": null, \"previewImageUrl\": \"https://res.cloudinary.com/dsyb7ymon/image/upload/v1768377775/uihpyxwt909tdnr0wn7r.png\", \"previewPublicId\": \"uihpyxwt909tdnr0wn7r\", \"cloudinaryPublicId\": null}], \"canvasWidth\": 319.8793565683646, \"public_slug\": \"card-1768385943894-wsm9vt2\", \"canvasHeight\": 487, \"is_multipage\": true, \"textElements\": [{\"id\": \"1\", \"top\": 137.81966698849743, \"fill\": \"#6ea683\", \"left\": 159.9396782841823, \"text\": \"WE INVITE YOU\\nTO CELEBRATE OUR WEDDING\", \"angle\": 0, \"label\": \"Text Field 1\", \"width\": 1232.7500183008317, \"height\": 97.63199999999998, \"locked\": true, \"scaleX\": 0.2136941772086853, \"scaleY\": 0.2136941772086853, \"fontSize\": 40, \"textAlign\": \"center\", \"fontFamily\": \"Arial\", \"fontWeight\": \"bold\", \"topPercent\": 28.299726281005633, \"canvasWidth\": 319.8793565683646, \"leftPercent\": 50, \"canvasHeight\": 487, \"widthPercent\": 82.3533921322264, \"heightPercent\": 4.284063636393913}, {\"id\": \"2\", \"top\": 175.5547634225447, \"fill\": \"#195c60\", \"left\": 159.31958730064386, \"text\": \"Tarun\", \"angle\": 0, \"label\": \"Text Field 2\", \"width\": 250, \"height\": 45.2, \"locked\": false, \"scaleX\": 0.8523973604562101, \"scaleY\": 0.8523973604562101, \"fontSize\": 40, \"textAlign\": \"center\", \"fontFamily\": \"Amorisa Free\", \"fontWeight\": \"bold\", \"topPercent\": 36.04820604159029, \"canvasWidth\": 319.8793565683646, \"leftPercent\": 49.8061484835437, \"canvasHeight\": 487, \"widthPercent\": 66.61865973477065, \"heightPercent\": 7.91136769869008}, {\"id\": \"3\", \"top\": 252.26218282397383, \"fill\": \"#195c60\", \"left\": 154.91687463391384, \"text\": \"Pooja\", \"angle\": 0, \"label\": \"Text Field 3\", \"width\": 250, \"height\": 45.2, \"locked\": false, \"scaleX\": 0.9069104300070152, \"scaleY\": 0.9069104300070152, \"fontSize\": 40, \"textAlign\": \"center\", \"fontFamily\": \"Amorisa Free\", \"fontWeight\": \"bold\", \"topPercent\": 51.799216185620914, \"canvasWidth\": 319.8793565683646, \"leftPercent\": 48.42978187021738, \"canvasHeight\": 487, \"widthPercent\": 70.87909952491654, \"heightPercent\": 8.417320623473735}, {\"id\": \"4\", \"top\": 208.290160164271, \"fill\": \"#6ea683\", \"left\": 169.9227445861231, \"text\": \"&\", \"angle\": 0, \"label\": \"Text Field 4\", \"width\": 250, \"height\": 45.2, \"locked\": false, \"scaleX\": 1, \"scaleY\": 1, \"fontSize\": 40, \"textAlign\": \"center\", \"fontFamily\": \"Amorisa Free\", \"fontWeight\": \"normal\", \"topPercent\": 42.770053421821565, \"canvasWidth\": 319.8793565683646, \"leftPercent\": 53.120884826403994, \"canvasHeight\": 487, \"widthPercent\": 78.15446507144954, \"heightPercent\": 9.281314168377824}, {\"id\": \"5\", \"top\": 290.85429043252805, \"fill\": \"#6ea683\", \"left\": 159.9396782841823, \"text\": \"November 25th, 2028\", \"angle\": 0, \"label\": \"Text Field 5\", \"width\": 445.1907494986312, \"height\": 45.2, \"locked\": false, \"scaleX\": 0.30185016079827687, \"scaleY\": 0.30185016079827687, \"fontSize\": 40, \"textAlign\": \"center\", \"fontFamily\": \"ALbertus NOva\", \"fontWeight\": \"bold\", \"topPercent\": 59.72367360010843, \"canvasWidth\": 319.8793565683646, \"leftPercent\": 50, \"canvasHeight\": 487, \"widthPercent\": 42.009869209345915, \"heightPercent\": 2.8015661741441713}, {\"id\": \"6\", \"top\": 307.9886073597039, \"fill\": \"#6ea683\", \"left\": 159.9396782841823, \"text\": \"Thursday\", \"angle\": 0, \"label\": \"Text Field 6\", \"width\": 250, \"height\": 45.2, \"locked\": false, \"scaleX\": 0.2977422020891621, \"scaleY\": 0.2977422020891621, \"fontSize\": 40, \"textAlign\": \"center\", \"fontFamily\": \"ALbertus NOva\", \"fontWeight\": \"bold\", \"topPercent\": 63.24201383156137, \"canvasWidth\": 319.8793565683646, \"leftPercent\": 50, \"canvasHeight\": 487, \"widthPercent\": 23.269882533473886, \"heightPercent\": 2.763438918774153}, {\"id\": \"7\", \"top\": 328.02651355301117, \"fill\": \"#195c60\", \"left\": 159.9396782841823, \"text\": \"Alwart Motel, Resort\", \"angle\": 0, \"label\": \"Text Field 7\", \"width\": 493.37538719868434, \"height\": 45.2, \"locked\": false, \"scaleX\": 0.271418843198347, \"scaleY\": 0.271418843198347, \"fontSize\": 40, \"textAlign\": \"center\", \"fontFamily\": \"ALbertus NOva\", \"fontWeight\": \"bold\", \"topPercent\": 67.3565736248483, \"canvasWidth\": 319.8793565683646, \"leftPercent\": 50, \"canvasHeight\": 487, \"widthPercent\": 41.863088100648945, \"heightPercent\": 2.5191235549415367}, {\"id\": \"8\", \"top\": 77.47540327454684, \"fill\": \"#000000\", \"left\": 161.63465121632677, \"text\": \"TP\", \"angle\": 0, \"label\": \"Text Field 8\", \"width\": 250, \"height\": 45.2, \"locked\": false, \"scaleX\": 0.2553175775865842, \"scaleY\": 0.2553175775865842, \"fontSize\": 40, \"textAlign\": \"center\", \"fontFamily\": \"Amorisa Free\", \"fontWeight\": \"bold\", \"topPercent\": 15.908707037894626, \"canvasWidth\": 319.8793565683646, \"leftPercent\": 50.52987881128935, \"canvasHeight\": 487, \"widthPercent\": 19.9542086996178, \"heightPercent\": 2.3696826502902675}]}','','draft','2026-01-14 10:19:03',NULL),(20,21,'a79ada1a-7d0e-47c2-8ae9-2ba81d73ca79','{\"pages\": [{\"imageUrl\": \"https://res.cloudinary.com/dsyb7ymon/image/upload/v1768376889/kpsd18ktyhfti9tkq0g3.png\", \"canvasData\": {\"canvasWidth\": 319.8793565683646, \"canvasHeight\": 487, \"textElements\": [{\"id\": \"1\", \"top\": 137.81966698849743, \"fill\": \"#6ea683\", \"left\": 159.9396782841823, \"text\": \"WE INVITE YOU\\nTO CELEBRATE OUR WEDDING\", \"angle\": 0, \"label\": \"Text Field 1\", \"width\": 1232.7500183008317, \"height\": 97.63199999999998, \"locked\": true, \"scaleX\": 0.2136941772086853, \"scaleY\": 0.2136941772086853, \"fontSize\": 40, \"textAlign\": \"center\", \"fontFamily\": \"Arial\", \"fontWeight\": \"bold\", \"topPercent\": 28.299726281005633, \"canvasWidth\": 319.8793565683646, \"leftPercent\": 50, \"canvasHeight\": 487, \"widthPercent\": 82.3533921322264, \"heightPercent\": 4.284063636393913}, {\"id\": \"2\", \"top\": 175.5547634225447, \"fill\": \"#195c60\", \"left\": 159.31958730064386, \"text\": \"Tarun\", \"angle\": 0, \"label\": \"Text Field 2\", \"width\": 250, \"height\": 45.2, \"locked\": false, \"scaleX\": 0.8523973604562101, \"scaleY\": 0.8523973604562101, \"fontSize\": 40, \"textAlign\": \"center\", \"fontFamily\": \"Amorisa Free\", \"fontWeight\": \"bold\", \"topPercent\": 36.04820604159029, \"canvasWidth\": 319.8793565683646, \"leftPercent\": 49.8061484835437, \"canvasHeight\": 487, \"widthPercent\": 66.61865973477065, \"heightPercent\": 7.91136769869008}, {\"id\": \"3\", \"top\": 252.26218282397383, \"fill\": \"#195c60\", \"left\": 154.91687463391384, \"text\": \"Pooja\", \"angle\": 0, \"label\": \"Text Field 3\", \"width\": 250, \"height\": 45.2, \"locked\": false, \"scaleX\": 0.9069104300070152, \"scaleY\": 0.9069104300070152, \"fontSize\": 40, \"textAlign\": \"center\", \"fontFamily\": \"Amorisa Free\", \"fontWeight\": \"bold\", \"topPercent\": 51.799216185620914, \"canvasWidth\": 319.8793565683646, \"leftPercent\": 48.42978187021738, \"canvasHeight\": 487, \"widthPercent\": 70.87909952491654, \"heightPercent\": 8.417320623473735}, {\"id\": \"4\", \"top\": 208.290160164271, \"fill\": \"#6ea683\", \"left\": 169.9227445861231, \"text\": \"&\", \"angle\": 0, \"label\": \"Text Field 4\", \"width\": 250, \"height\": 45.2, \"locked\": false, \"scaleX\": 1, \"scaleY\": 1, \"fontSize\": 40, \"textAlign\": \"center\", \"fontFamily\": \"Amorisa Free\", \"fontWeight\": \"normal\", \"topPercent\": 42.770053421821565, \"canvasWidth\": 319.8793565683646, \"leftPercent\": 53.120884826403994, \"canvasHeight\": 487, \"widthPercent\": 78.15446507144954, \"heightPercent\": 9.281314168377824}, {\"id\": \"5\", \"top\": 290.85429043252805, \"fill\": \"#6ea683\", \"left\": 159.9396782841823, \"text\": \"November 25th, 2028\", \"angle\": 0, \"label\": \"Text Field 5\", \"width\": 445.1907494986312, \"height\": 45.2, \"locked\": false, \"scaleX\": 0.30185016079827687, \"scaleY\": 0.30185016079827687, \"fontSize\": 40, \"textAlign\": \"center\", \"fontFamily\": \"ALbertus NOva\", \"fontWeight\": \"bold\", \"topPercent\": 59.72367360010843, \"canvasWidth\": 319.8793565683646, \"leftPercent\": 50, \"canvasHeight\": 487, \"widthPercent\": 42.009869209345915, \"heightPercent\": 2.8015661741441713}, {\"id\": \"6\", \"top\": 307.9886073597039, \"fill\": \"#6ea683\", \"left\": 159.9396782841823, \"text\": \"Thursday\", \"angle\": 0, \"label\": \"Text Field 6\", \"width\": 250, \"height\": 45.2, \"locked\": false, \"scaleX\": 0.2977422020891621, \"scaleY\": 0.2977422020891621, \"fontSize\": 40, \"textAlign\": \"center\", \"fontFamily\": \"ALbertus NOva\", \"fontWeight\": \"bold\", \"topPercent\": 63.24201383156137, \"canvasWidth\": 319.8793565683646, \"leftPercent\": 50, \"canvasHeight\": 487, \"widthPercent\": 23.269882533473886, \"heightPercent\": 2.763438918774153}, {\"id\": \"7\", \"top\": 328.02651355301117, \"fill\": \"#195c60\", \"left\": 159.9396782841823, \"text\": \"Alwart Motel, Resort\", \"angle\": 0, \"label\": \"Text Field 7\", \"width\": 493.37538719868434, \"height\": 45.2, \"locked\": false, \"scaleX\": 0.271418843198347, \"scaleY\": 0.271418843198347, \"fontSize\": 40, \"textAlign\": \"center\", \"fontFamily\": \"ALbertus NOva\", \"fontWeight\": \"bold\", \"topPercent\": 67.3565736248483, \"canvasWidth\": 319.8793565683646, \"leftPercent\": 50, \"canvasHeight\": 487, \"widthPercent\": 41.863088100648945, \"heightPercent\": 2.5191235549415367}, {\"id\": \"8\", \"top\": 77.47540327454684, \"fill\": \"#000000\", \"left\": 161.63465121632677, \"text\": \"TP\", \"angle\": 0, \"label\": \"Text Field 8\", \"width\": 250, \"height\": 45.2, \"locked\": false, \"scaleX\": 0.2553175775865842, \"scaleY\": 0.2553175775865842, \"fontSize\": 40, \"textAlign\": \"center\", \"fontFamily\": \"Amorisa Free\", \"fontWeight\": \"bold\", \"topPercent\": 15.908707037894626, \"canvasWidth\": 319.8793565683646, \"leftPercent\": 50.52987881128935, \"canvasHeight\": 487, \"widthPercent\": 19.9542086996178, \"heightPercent\": 2.3696826502902675}]}, \"backgroundId\": null, \"previewImageUrl\": \"https://res.cloudinary.com/dsyb7ymon/image/upload/v1768377825/g4fae5osfchxenfumw2n.png\", \"previewPublicId\": \"g4fae5osfchxenfumw2n\", \"cloudinaryPublicId\": \"kpsd18ktyhfti9tkq0g3\"}, {\"imageUrl\": \"https://res.cloudinary.com/dsyb7ymon/image/upload/v1768376889/kpsd18ktyhfti9tkq0g3.png\", \"canvasData\": {\"canvasWidth\": 319.8793565683646, \"canvasHeight\": 487, \"textElements\": []}, \"backgroundId\": null, \"previewImageUrl\": \"https://res.cloudinary.com/dsyb7ymon/image/upload/v1768377775/uihpyxwt909tdnr0wn7r.png\", \"previewPublicId\": \"uihpyxwt909tdnr0wn7r\", \"cloudinaryPublicId\": null}], \"canvasWidth\": 319.8793565683646, \"public_slug\": \"card-1768386339207-itbtqit\", \"canvasHeight\": 487, \"is_multipage\": true, \"textElements\": [{\"id\": \"1\", \"top\": 137.81966698849743, \"fill\": \"#6ea683\", \"left\": 159.9396782841823, \"text\": \"WE INVITE YOU\\nTO CELEBRATE OUR WEDDING\", \"angle\": 0, \"label\": \"Text Field 1\", \"width\": 1232.7500183008317, \"height\": 97.63199999999998, \"locked\": true, \"scaleX\": 0.2136941772086853, \"scaleY\": 0.2136941772086853, \"fontSize\": 40, \"textAlign\": \"center\", \"fontFamily\": \"Arial\", \"fontWeight\": \"bold\", \"topPercent\": 28.299726281005633, \"canvasWidth\": 319.8793565683646, \"leftPercent\": 50, \"canvasHeight\": 487, \"widthPercent\": 82.3533921322264, \"heightPercent\": 4.284063636393913}, {\"id\": \"2\", \"top\": 175.5547634225447, \"fill\": \"#195c60\", \"left\": 159.31958730064386, \"text\": \"Tarun\", \"angle\": 0, \"label\": \"Text Field 2\", \"width\": 250, \"height\": 45.2, \"locked\": false, \"scaleX\": 0.8523973604562101, \"scaleY\": 0.8523973604562101, \"fontSize\": 40, \"textAlign\": \"center\", \"fontFamily\": \"Amorisa Free\", \"fontWeight\": \"bold\", \"topPercent\": 36.04820604159029, \"canvasWidth\": 319.8793565683646, \"leftPercent\": 49.8061484835437, \"canvasHeight\": 487, \"widthPercent\": 66.61865973477065, \"heightPercent\": 7.91136769869008}, {\"id\": \"3\", \"top\": 252.26218282397383, \"fill\": \"#195c60\", \"left\": 154.91687463391384, \"text\": \"Pooja\", \"angle\": 0, \"label\": \"Text Field 3\", \"width\": 250, \"height\": 45.2, \"locked\": false, \"scaleX\": 0.9069104300070152, \"scaleY\": 0.9069104300070152, \"fontSize\": 40, \"textAlign\": \"center\", \"fontFamily\": \"Amorisa Free\", \"fontWeight\": \"bold\", \"topPercent\": 51.799216185620914, \"canvasWidth\": 319.8793565683646, \"leftPercent\": 48.42978187021738, \"canvasHeight\": 487, \"widthPercent\": 70.87909952491654, \"heightPercent\": 8.417320623473735}, {\"id\": \"4\", \"top\": 208.290160164271, \"fill\": \"#6ea683\", \"left\": 169.9227445861231, \"text\": \"&\", \"angle\": 0, \"label\": \"Text Field 4\", \"width\": 250, \"height\": 45.2, \"locked\": false, \"scaleX\": 1, \"scaleY\": 1, \"fontSize\": 40, \"textAlign\": \"center\", \"fontFamily\": \"Amorisa Free\", \"fontWeight\": \"normal\", \"topPercent\": 42.770053421821565, \"canvasWidth\": 319.8793565683646, \"leftPercent\": 53.120884826403994, \"canvasHeight\": 487, \"widthPercent\": 78.15446507144954, \"heightPercent\": 9.281314168377824}, {\"id\": \"5\", \"top\": 290.85429043252805, \"fill\": \"#6ea683\", \"left\": 159.9396782841823, \"text\": \"November 25th, 2028\", \"angle\": 0, \"label\": \"Text Field 5\", \"width\": 445.1907494986312, \"height\": 45.2, \"locked\": false, \"scaleX\": 0.30185016079827687, \"scaleY\": 0.30185016079827687, \"fontSize\": 40, \"textAlign\": \"center\", \"fontFamily\": \"ALbertus NOva\", \"fontWeight\": \"bold\", \"topPercent\": 59.72367360010843, \"canvasWidth\": 319.8793565683646, \"leftPercent\": 50, \"canvasHeight\": 487, \"widthPercent\": 42.009869209345915, \"heightPercent\": 2.8015661741441713}, {\"id\": \"6\", \"top\": 307.9886073597039, \"fill\": \"#6ea683\", \"left\": 159.9396782841823, \"text\": \"Thursday\", \"angle\": 0, \"label\": \"Text Field 6\", \"width\": 250, \"height\": 45.2, \"locked\": false, \"scaleX\": 0.2977422020891621, \"scaleY\": 0.2977422020891621, \"fontSize\": 40, \"textAlign\": \"center\", \"fontFamily\": \"ALbertus NOva\", \"fontWeight\": \"bold\", \"topPercent\": 63.24201383156137, \"canvasWidth\": 319.8793565683646, \"leftPercent\": 50, \"canvasHeight\": 487, \"widthPercent\": 23.269882533473886, \"heightPercent\": 2.763438918774153}, {\"id\": \"7\", \"top\": 328.02651355301117, \"fill\": \"#195c60\", \"left\": 159.9396782841823, \"text\": \"Alwart Motel, Resort\", \"angle\": 0, \"label\": \"Text Field 7\", \"width\": 493.37538719868434, \"height\": 45.2, \"locked\": false, \"scaleX\": 0.271418843198347, \"scaleY\": 0.271418843198347, \"fontSize\": 40, \"textAlign\": \"center\", \"fontFamily\": \"ALbertus NOva\", \"fontWeight\": \"bold\", \"topPercent\": 67.3565736248483, \"canvasWidth\": 319.8793565683646, \"leftPercent\": 50, \"canvasHeight\": 487, \"widthPercent\": 41.863088100648945, \"heightPercent\": 2.5191235549415367}, {\"id\": \"8\", \"top\": 77.47540327454684, \"fill\": \"#000000\", \"left\": 161.63465121632677, \"text\": \"TP\", \"angle\": 0, \"label\": \"Text Field 8\", \"width\": 250, \"height\": 45.2, \"locked\": false, \"scaleX\": 0.2553175775865842, \"scaleY\": 0.2553175775865842, \"fontSize\": 40, \"textAlign\": \"center\", \"fontFamily\": \"Amorisa Free\", \"fontWeight\": \"bold\", \"topPercent\": 15.908707037894626, \"canvasWidth\": 319.8793565683646, \"leftPercent\": 50.52987881128935, \"canvasHeight\": 487, \"widthPercent\": 19.9542086996178, \"heightPercent\": 2.3696826502902675}]}','','draft','2026-01-14 10:25:39',NULL);
/*!40000 ALTER TABLE `user_custom_content` ENABLE KEYS */;
UNLOCK TABLES;

--
-- Table structure for table `users`
--

DROP TABLE IF EXISTS `users`;
/*!40101 SET @saved_cs_client     = @@character_set_client */;
/*!50503 SET character_set_client = utf8mb4 */;
CREATE TABLE `users` (
  `uid` varchar(36) COLLATE utf8mb4_unicode_ci NOT NULL,
  `phone` varchar(20) COLLATE utf8mb4_unicode_ci DEFAULT NULL,
  `email` varchar(255) COLLATE utf8mb4_unicode_ci DEFAULT NULL,
  `first_name` varchar(255) COLLATE utf8mb4_unicode_ci DEFAULT NULL,
  `last_name` varchar(255) COLLATE utf8mb4_unicode_ci DEFAULT NULL,
  `status` tinyint(1) DEFAULT '0',
  `otp` varchar(6) COLLATE utf8mb4_unicode_ci DEFAULT NULL,
  `otp_expires_at` timestamp NULL DEFAULT NULL,
  `created_at` timestamp NULL DEFAULT CURRENT_TIMESTAMP,
  PRIMARY KEY (`uid`),
  UNIQUE KEY `phone` (`phone`),
  UNIQUE KEY `email` (`email`)
) ENGINE=InnoDB DEFAULT CHARSET=utf8mb4 COLLATE=utf8mb4_unicode_ci;
/*!40101 SET character_set_client = @saved_cs_client */;

--
-- Dumping data for table `users`
--

LOCK TABLES `users` WRITE;
/*!40000 ALTER TABLE `users` DISABLE KEYS */;
INSERT INTO `users` VALUES ('a79ada1a-7d0e-47c2-8ae9-2ba81d73ca79','9461661537','jai@gmail.com','jai','singh',1,NULL,NULL,'2026-01-09 10:11:40'),('a7e4cf29-1dcf-40e6-a039-e089d4a53489','9664345602','admin@gmail.com','shyam','saini',1,NULL,NULL,'2026-01-09 08:51:44');
/*!40000 ALTER TABLE `users` ENABLE KEYS */;
UNLOCK TABLES;

--
-- Table structure for table `video_templates`
--

DROP TABLE IF EXISTS `video_templates`;
/*!40101 SET @saved_cs_client     = @@character_set_client */;
/*!50503 SET character_set_client = utf8mb4 */;
CREATE TABLE `video_templates` (
  `content_id` bigint NOT NULL,
  `preview_video_url` text COLLATE utf8mb4_unicode_ci NOT NULL,
  `preview_thumbnail_url` text COLLATE utf8mb4_unicode_ci,
  PRIMARY KEY (`content_id`),
  CONSTRAINT `video_templates_ibfk_1` FOREIGN KEY (`content_id`) REFERENCES `content_items` (`id`) ON DELETE CASCADE
) ENGINE=InnoDB DEFAULT CHARSET=utf8mb4 COLLATE=utf8mb4_unicode_ci;
/*!40101 SET character_set_client = @saved_cs_client */;

--
-- Dumping data for table `video_templates`
--

LOCK TABLES `video_templates` WRITE;
/*!40000 ALTER TABLE `video_templates` DISABLE KEYS */;
INSERT INTO `video_templates` VALUES (11,'https://res.cloudinary.com/dsyb7ymon/video/upload/v1767952939/ifkgqbash1i1ldobuiz5.mp4','https://res.cloudinary.com/dsyb7ymon/image/upload/c_scale,w_300/v1767952963/rarusrj34ipembciqz7a.png');
/*!40000 ALTER TABLE `video_templates` ENABLE KEYS */;
UNLOCK TABLES;
/*!40103 SET TIME_ZONE=@OLD_TIME_ZONE */;

/*!40101 SET SQL_MODE=@OLD_SQL_MODE */;
/*!40014 SET FOREIGN_KEY_CHECKS=@OLD_FOREIGN_KEY_CHECKS */;
/*!40014 SET UNIQUE_CHECKS=@OLD_UNIQUE_CHECKS */;
/*!40101 SET CHARACTER_SET_CLIENT=@OLD_CHARACTER_SET_CLIENT */;
/*!40101 SET CHARACTER_SET_RESULTS=@OLD_CHARACTER_SET_RESULTS */;
/*!40101 SET COLLATION_CONNECTION=@OLD_COLLATION_CONNECTION */;
/*!40111 SET SQL_NOTES=@OLD_SQL_NOTES */;

-- Dump completed on 2026-01-15 10:03:56
